Column1,Column2,Column3
conversation_id,text,label
1705102944155349181,かつてこれほどざわめきを観じない魔道杯直前があっただろうか。,2
1705102944155349181,私が見た限りではここまで盛り下がっているのは初めてですね。\nわずかにやる気がある私のようなこれまでの魔道杯真剣勢(旧5000位トロフィー目標勢)も、ノーガード接待がここまで酷いとわかってやる気を失っている印象です。\nやる気ないです。\n明日は楽しくゲームショウ行きます（笑）。,2
1705102944155349181,運営は\n「ここまで接待すれば課金して、リフィルを取りに行くだろ」と思っているならば、本当に愚かとしか言いようがありません。\nたった一回の接待のために3万円くらい課金するプレイヤーがどこまでいるのか。\nランカーなら課金する可能性ありましたが、ランク無くしたのでそれもないでしょう。,2
1705102944155349181,「でんどういり」とものものしく銘打った魔道杯が功成るとは大いなる皮肉ですね。,0
1705052114651943287,よかったよかった。キャンセルカルチャーという全体主義のファシズムに抵抗することができた。,2
1705052114651943287,ファシズムに対する民衆抵抗の成功例として今後もそういう連中に突きつけていくのが良いかと思うよ\n(進次郎のサーフィン画像用意しながら),2
1705052114651943287,圧力かけた側の今後の動きが気になります,2
1705052114651943287,またしてもリベラル(笑)が敗北したわけですね,2
1705052114651943287,冗談抜きでコレは頼もしい\n埼玉の水着撮影会とか宇都宮LRT、絵師への嫌がらせと、まだ色々あるけど完全に潮目が変わった感がある\n身勝手持論を根拠として騙ってるだけの声だけでかい活動家やクレーマーの圧力に容易に屈指ない矜恃を持ち、憲法の保証する言論・表現の自由を護ってほしいと思います。,2
1705052114651943287,よかったね！いなり王子！😊,2
1705052114651943287,FF外失礼致します。\n\nこれはこれでよかったと思います。\n左右、行き過ぎると碌な事しないですしね。\n特に極左は、最近ファシズムでも信奉しているのか？みたいな言論封殺を図ってくることが少なからずありますしね。,2
1705052114651943287,やつらに譲るものなど一つもない\n一つ譲ったら次も次もだ,2
1705052114651943287,ごく少数の声がでかいクレームにかまってたら何も出来なくなる。,2
1705052114651943287,やつらに首じゃなかった…トロフィー…性行体験をやるのは、しゃくでしたからな\n実に良いことです,2
1705052114651943287,本当に良かった！,2
1705052114651943287,でも糾弾勢の反応見てると物騒なこと言ってる奴もいて安心できない,2
1705052114651943287,それは私のおいなりさんだ,2
1705052114651943287,ってのが先に浮かんだおれは悪くねぇ！おれは悪くねぇ！！,2
1705052114651943287,自由を標榜する連中が言論を封殺する側に回るのは皮肉ですな。,0
1705052114651943287,多様性を主張する人達ってキャンセルカルチャーの信奉者に見えますね。,2
1705116216514478256,日本らしい結果ですね,2
1705116216514478256,日本人が日本人の作った物を壊す\n皮肉ですね,0
1705116216514478256,過去の栄光や日本国憲法を壊すことに関しても同じことが言えますね\n,2
1705116216514478256,支配欲と欲望まみれの人間に権力を与えた結果が今の🇯🇵でしょうね\n\n雰囲気もギスギスしてますしイライラしてる人が多いし,2
1705116216514478256,馴れ合いも出来なくなりそうです,2
1705116216514478256,上辺だけの付き合いになるでしょうね\n真剣に付き合う事なんてもうできないでと思ってしまいます\n\n恋人や夫婦だけじゃなく友達も,2
1705116216514478256,綺麗事１つ通じませんね\n人間不信になるのが嫌なら外国に行くのが基本でしょう,2
1704866970074853408,大人になるほど上手く出来ないことが増えていく。やけに綺麗な彼女の部屋。シャワーも浴びず押し倒されたが、気持ちよさ以上の何かに突き飛ばしてしまう。「ごめん、もっと上手くやるからっ！だからもう捨てないで……」誰かに赦しを乞うように、泣きじゃくる彼女を、ただ抱きしめることしか出来ずに。,2
1704866970074853408,『カミサマ、贖罪、二人ぼっち』\n↓これの続きです✨　秋分の日三部作のテーマは「恋愛の罪と罰」ですね！（なんで）自分で勝手に終わらせたつもりになってる恋愛ってあるけど、相手にとってどうかとかって分かんないよねという話✨ ,2
1704866970074853408,明らかに自分と別れたあとに何か致命的な体験をしたヒロインいいよね（ジャンルが分からない）主人公的には遠距離恋愛で縛りたくなくて別れたんだけど、タイミング的に初体験がうまくいかなくて彼女はずっと自分を責めててタイミング悪く悪い男に……✨　やっぱり人間って罰を受けないといけない（？）,2
1704866970074853408,様子がおかしいのにやけに綺麗な部屋は普段から男が上り込んでることを暗示してて、シャワーを浴びないのも主人公を逃したくない必死さの象徴。良くない男に仕込まれたエッチも主人公は逆に引いちゃって、それがさらにヒロインを傷付けてしまう（地獄かな？）,2
1704866970074853408,（すごいこれ自分で書いてて幸せに出来るのか不安になってきた。本来の意味での「重い女」になってる）,2
1704866970074853408,性別を反転させて自分を捨てた元カノへのリベンジポルノするのやめろ！笑😂\nいや、ちゃんと別れてほしかったけども！笑,2
1704866970074853408,性別を……反転！？,2
1704866970074853408,喚くゴブリン、TSさせると昔の恋愛を引きずる暗い美人のメンヘラになる。,2
1704866970074853408,ｲｲﾈ,2
1704866970074853408,辛い‥きっとなんらかのことがあって彼と別れてから色々思うところがあって、でも心の隙間を埋めたくて他の人と関係を持ってもダメンズばっかで余計傷ついて自分の軸がどんどんなくなって毎日うまくいかなかったのかな😭\nって想像しちゃいました！\nもやり直して支えになってほしいけど現実は厳しそう😢,2
1704866970074853408,コメントありがとうございます✨　主人公に捨てられたのが「性的な欲求に応えてあげられなかったせい」ってある種の強迫観念みたいになってて、だからこそクズ男にいいようにされてるんです💦　彼としては幸せを願っての行動だったのが皮肉です😅,0
1705067729047506952,異種格闘技戦について問われなかったので、ここで言及しますが、異種格闘技戦シリーズは完全に「是」です,2
1705067729047506952,異種格闘技戦はプロレスの幅を広げ、佐山聡にMMAの礎となる、修斗を構築させるきっかけを与えた事が最大の功績だと思います。,2
1705067729047506952,すみません！スカルさんに振ってませんでした🙏,2
1705067729047506952,いま白状すべき、そしてそれが可能なのは\nもう長州だけなのかも。,2
1705067729047506952,敢えて「否」の部分があるとしたら、実力測定の場を作ってしまったが為に、負けた時のリスクが、通常の試合よりも大きい事でしょうか。,2
1705067729047506952,また異種格闘技戦はUWFという概念が生まれるきっかけにもなり、後に三派に別れ、それぞれのアプローチでMMAへと昇華していき、現在その役目は終わったものと考えています。,2
1705067729047506952,グッピー話し過ぎて、最後にスカルさんに話振るの忘れてたのね…（笑）,2
1705067729047506952,ズバリ、そういう事です（笑）,2
1705067729047506952,何のドッキリ仕掛けられたのかと思いましたが、恙なく収録が終わったので、一体何だったのかと…グッピー、それがお前のやり方か！（笑）,2
1705067729047506952,言葉の意味がよくわかりませんが、長州にはいつの日にか、トム・マギー戦について語ってほしいと願っています。,2
1705067729047506952,そこですか！w,2
1705067729047506952,個人的にアレは、全日本（というか馬場w）の嫌がらせマッチメイクだったと思っています。,2
1705067729047506952,ただ、実際みたらトム。\n\nめっちゃ逸材。\n\n格闘技選手かはさておき。,2
1705067729047506952,ズバリ、彼は二代目になった三沢に当てるべきだったんですよ。,2
1705067729047506952,あぁいいですな👍\n\nトム、ルックスも身体能力も\n超Aじゃないすか！\n\n(プロレスがうまいとは言ってない),2
1705067729047506952,プロレスは上手くなくてもいいんです。ただあの当時の三沢は、新日本から移籍した小林邦明やキッドと戦わせられて気の毒過ぎたので、せめて全日本オリジナルのライバルの存在があればまた違ったかと…！,2
1705067729047506952,なぜか長州の話題が三沢に(笑)\n\nただ最近知ったのが馬場のセンスの特異さ。\n\nなんだよタイガーマスク一号二号って…(つд；*),2
1705067729047506952,猪木と決別した梶原一騎と組んで、タイガーマスクを使えるようになったにも関わらず、明後日の方を向いたアイディアしか出せないとは…どうせなら、自らゼブラ柄のコスチュームを纏って、リアル・グレート・ゼブラになれば良かったのに…！,2
1705067729047506952,あ、そうか\n梶原案だったかも(笑)\n\nただ、修行先の空手道場では川田の方がタイガームーヴ出来たらしいですね,2
1705067729047506952,馬場が致命的だったのは、タイガーマスクのコスチュームがテレ朝のアニメ「タイガーマスク二世」を模した衣装だった事。そこは日テレなんだから、黒いロングタイツにしないと！,2
1705067729047506952,おお！たしかに！(笑),2
1705067729047506952,皮肉ですが、川田の方が三沢より打撃のセンスがあった事実。これが後の四天王時代に繋がっていくとは思いもよりませんでした。,0
1705067729047506952,日テレタイガーなんだから、飛び技禁止！空手チョップやエルボーをガンガン撃たせる！というオリジナリティーを考えられなかったのか…！,
1705067729047506952,川田タイガー(笑)\n\n興味深いが…,2
1705067729047506952,川田は馬場に全く期待されてませんでしたからね。天龍同盟入りした事で、ようやくブレイクスルー出来た選手でしたから…。,2
1705067729047506952,馬場、選手見る目ない説浮上,2
1705067729047506952,大変失礼しました。\nみんなに振ったとばかり勘違いしてました。,2
1704997259778118025,魔女狩りは歴史的愚行の一つです。\n\n見えない力というものを知らない者はそのあり方というものについても考えず、軽んじたため、さらなる問題が起こるというわけです,2
1704997259778118025,アダム・ヴァイスハウプトがイ○ミナティを創設した動機が中世魔女狩りに対する反省だったという説があります。非科学的な思考が理不尽惨劇をもたらしたので理性的啓蒙主義が必要であると考えた訳です。結果的にイルミナティ自体がオカルト化したのは皮肉ですが。保留です🎵,0
1704997259778118025,ただ、見えない世界も実在であるとすれば、見える世界と両方合わせて真の科学であると個人的には思います。例えば、可聴音域外の音は人間には聞こえないのでMP3ではカットされますが、アナログでは重低音や超高音は含まれています。保留です🎵,2
1704997259778118025,聞こえていないのと存在しないのは別ですからね。,2
1705057740262162911,11時50分頃に一気に円安が進んだけど、なんだ？と思ったら日銀か。これだけ金融緩和しても不景気ってことはどういうことなんだろう。どういう処方箋を出せば好景気になるのかサッパリ分からん。インフレ対策と景気対策は逆の方向性だからなあ・・・金融緩和しながら増税とか？,2
1705057740262162911,日本ってもうやる気ないかもね。\n岸田が普通言及するでしょうけど、まったくないし,2
1705057740262162911,日本に投資してくれとか、国連でいってましたね。外資頼みで没落していく一方ですかねえ,2
1705057740262162911,設備投資は昨年度から回復、伸びが続いているので(半導体、ev、交通インフラ等)、海外流出や金融投資だけでなく市中にも還元され始めていると思います。次に消費が上向く迄、もう少し時間かかると思います。そこまでは金融緩和は維持するでしょうが、危険水域なので辛抱強い舵取り必要と思います。,2
1705057740262162911,となると、やはり給料ですかねえ。簡単にできる公務員の給料を賃上げすればよいのに、政治家がチキンだから無理でしょうね,2
1705057740262162911,不動産も上昇中でしょう？海外マネーも不動産が呼び込み中(中国バブル崩壊で、日本にシフトしているのか？)。バブル期の様に資産価値が増えれば消費も伸びます。\n但し実質的経済発展を支える様な競争力のある産業が国内に余り残っていないので、80年代の様な長期経済発展、バブルは期待出来ないです。,2
1705057740262162911,なるほど、不動産は上昇してますね。それなのに、スーパーゼネコンに不祥事続きで技術が残ってないのはなんとも皮肉ですかねえ,2
1705057740262162911,新興国に成り下がるのかと,2
1628043291177652225,今更ながら、『志乃ちゃんは自分の名前が言えない』を見た。冒頭の自己紹介のシーン。自分に迫ってくるあの感じが怖くて怖くて、まるで自分の過去を見ているようでした。当事者だからこそ、より感情移入しやすいのでしょうか。自己紹介はトラウマ。自分の名前を言うのが1番苦手で1番怖い。,2
1628043291177652225,『いいね！』ありがとうございます。\n\n『志乃ちゃんは自分の名前が言えない』は吃音だけではなく、様々な悩みを抱えた登場人物がいましたよね😌人間に一番の辛さを与えるのが人間というのが皮肉ですよね。私は海の底の貝になりたいって映画がありましたが気持ちが共感できます。,2
1705043431381463201,彼らはヨーロッパで石を食べることになるでしょう。,2
1705043431381463201,🤣👍,2
1705043431381463201,ブリックスに加盟してない地域？\n貿易制裁？で食料不足？になるという事\nですか？\n解説お願いします🙏,2
1705043431381463201,そのとおりだと思いますね😁👍,2
1705043431381463201,やはりそうなんですね😃\nもう背に腹は代えられない!\n加盟するしかないですね😁\nTOYOさん、ありがとうございます🙏😊,2
1705043431381463201,日本でも昔の人は石を食べていたってききましたが、それとは違う事でしょうか？,2
1705043431381463201,西欧諸国は、このままでは食事もまともに食べられなくなるという、皮肉です😆,0
1705043431381463201,日本国民も眠ったままだと食糧難にならないと気付かないかもしれないね,2
1705043431381463201,好んで食べるのでは、なく食べものが無くなるという事ですね。🤣🤣🤣恥ずかしい😫,2
1705043431381463201,😂👍✨,2
1705043431381463201,そうですね。\nどんな事象が起きれば、目覚めるのでしょうか？ワクチンで、人口がかなり減ってから目覚めてももう遅いんだけど、、、。,2
1705043431381463201,もうすぐ日本の経済崩壊が起こります。それがなければ、目覚めることは難しいでしょうね。,2
1705043431381463201,まだマスクしてるし\nワクだけみても気づかない\n何か日本で目覚めの何かないと！,2
1705043431381463201,大きなキッカケが要りますね\nやはり貧困かな,2
1705043431381463201,そう、それが目覚める1番のキッカケですね,2
1704740670651674708,息子にスターリンの印象を訊かれたルーズベルト「彼は動作がゆっくりしていて堂々と振る舞う。彼と仕事をするのは楽しみだよ」こういうド阿呆が構想した組織は終わらせた方が良い。本部の売却カジノ化待ったなし！,2
1704740670651674708,チェンバレン笑えんなあ,2
1704740670651674708,近衛さんが直接会談してたらダマせたかも？,2
1704740670651674708,以下、私の拙い推測です。前後長いスレッドですので、お暇がありましたら。\n,2
1704740670651674708,拝見しました。ルーズベルトが中国の市場を当て込んでたという見立ては間違いないと思います。しかしあの男、蒋介石に「対日戦勝利に暁にはベトナムを中国に返してあげる」とか言って蒋介石に「あそこはベトナム人の土地だから…」と諭された程の外交音痴。早く死んでくれたのは不幸中の幸い。,2
1704740670651674708,その土地で大勢米国人が死ぬ事になるのだから歴史というのは皮肉ですね。\nまあルーズベルトがあのタイミングで死ななかったら、もしくはルーズベルトが死ぬ前に日本が無条件降伏していたら、四国は中華民国に、北海道・東北は蘇に分割占領案が通ったかも。,0
1704802418633118030,後はギャルゲーと日本人にしか需要無さそうなレトロゲーム系の充実だねえ??\nここら辺はニッチな需要だからブロックされてるのかメーカーが箱版考えてないだけか分からん\nハムスター辺りは何か契約ありそうだが,2
1704802418633118030,ハムスターがSteamやXboxに出さないのが不思議なんですよね。詳しい事情を知っている人がいるなら聞きたいです。,2
1704802418633118030,ハムスターのアケアカについてはPCにすら出ていないんですが、恐らくハムスターよりも実際に移植担当してるエムツー側の問題かと。,2
1704802418633118030,スイッチはまだしも未だにPS4で大量に出されても困りますよね？\nPSだと互換切りやストア閉鎖見えてるし\nあのデカイ本体で遊びたくないし\nスイッチで集めてますがせめてPCには出して欲しいですね\n勿論XBOX版を一番望んでますが現状厳しい,2
1704802418633118030,ノウハウが無いのかも知れませんね,2
1704802418633118030,とかく理由が謎なんですよね。何かしらの契約とかがあると考えるのが自然な気もしますが。,2
1704802418633118030,後は開発がスイッチとPS4しか移植作業環境無い可能性もあります\nPC版は簡単な気がするんですけどねー？\nトップの考え方も影響してるのかな？,2
1704802418633118030,開発は基本的にPCでやっているはずなのでPC版でのリリースのハードルは低いはずなんですよね。本当に謎です。,2
1704802418633118030,ハムスターの社員さんがスイッチではスト6はドットレベルしか移植できないと技術不足をアピールしてたので\n多分開発力がないと思いますよ\nモーコンとか見ればわかりますがスイッチでも動いているのでね,2
1704802418633118030,アケアカNEOGEOはXboxONE/PC向けにも出てるのに・・・。エムツー関わっていないとか？謎過ぎる。,2
1704802418633118030,そこら辺の理由も高そうですね\n最新作見てもスイッチのモーコンは厳しそう,2
1704802418633118030,互換性に優れた箱にこそレトロゲー集めて欲しいのですがねえ？\nゲーマーとしてはため息しか出ない,2
1704802418633118030,あれはSNK(の後継会社)が自分自身で\n全プラットフォームに出すつもりだったっぽいのを\nハムが横からかっぱいだと睨んでます\n\nおかげでアーケードと銘打ちながらXbox版では\nアケステが使えないという\nしょっぱい仕様になってます\n\nあとSNK40thは国内CS無しですよね\nあれも多分アケ移植界隈の横やり,2
1704802418633118030,Xboxやすちむーにも出したのは\n後継会社の王子様との約束\nにしてもXbox版は酷い仕事ぶり,2
1704802418633118030,やっぱりハムがやらかしてくれたか\nアラブの王子の方がまともな考え方してるのが皮肉ですな,0
1704802418633118030,憶測ですけどね\nそう考えるとしっくり行くというだけの話です\n\nアーケード移植界隈はM2も含め\nクッサイ動きばかりしてるからもうあきらめた,2
1704802418633118030,悲しいなあ😭\n一番互換性に優れていて安心してゲーム保存出来るハードを業界が全然生かして無い\n価値にも気づいて無い,2
1704908588580569110,DVやモラ野郎って、誕生日とかお祝いの日に必ず機嫌が悪くなる。\n「余計なことしやがって！」\nアパートの２階の窓から投げ捨てられた、祖母がくれた丸いケーキ。\n斜め下の家の屋根に落ちた。烏や猫に喰われ、雨に流されながら、少しずつ形を失い消えていった。\n今も瞳に焼きついている。,2
1704908588580569110,ひどい、、、、😭,2
1704908588580569110,殴られるより堪えるんだよね。,2
1704908588580569110,そうだよ。心を壊す行為ができるヤツは、人間じゃない。,2
1704908588580569110,あぁ……よくわかります……\n\n何故そのタイミングなのかと思うこと多数。\n\n私も自分の誕生日に、背中にガラスのタンブラー投げつけられたのを今も忘れられておらず。\n\nでも、お祖母様がくださったケーキには想いがあるので、\n\n自分を責められるよりずっと苦しかったのではと思うと……(˘•̥௰•̥˘),2
1704908588580569110,いつ、どういうことをすれば、相手にダメージを与えられるか知り尽くしてますよね。\n70歳くらいまで和菓子職人として働き、経済的に余裕があった祖母が、姉や私に色々と買い与えるのが不快だったんだと思います。,2
1704908588580569110,自分の不甲斐なさや無力を、\n\n理不尽な形で、より効果的にぶつけてくる感じ、ですよね。\n\nお陰で何度私の命を○とうとしたか、おぼえていませんꉂ🤣w𐤔\n\nしかし一方で、小さなことにも幸せを感じるようになったので皮肉です𐤔𐤔,0
1704998653293932795,注目????\n\nニュースの内容はさて置き、表のニュースで??が提起した問題は『30日????政府機関の閉鎖』です。\n\nつまり、30日までは確実にマトリクスは続くと言うこと。\n\nそして、何らかの形で30日がその後の展開に大きく繋がると予想さします。\n\n連日、ヤフーニュースに注目していますが、現在1番カウント,2
1704998653293932795,を取りやすい情報はヤフーニュースからでしょう。\n\n偽情報が流れる中、今までフェイクメディアと称するコンテンツがこの時点で1番信頼できる。皮肉ですね😁\n\n急転がなければ、30日を跨ぎ、10月の展開へ。\n\n闇側情報には振り回されないでください。\n\n思考深く、感性を研ぎ澄まして👍✨\n\n『誰かが言って,0
1704998653293932795,た』はもうアウトでしょう‼️\n\n五次元への扉は自分で開く時です☺️\n\n30日はカウントダウン0️⃣です👍✨ ,2
1704987113413038516,関東大震災がきっかけで渋谷に人が集まってきたのかぁ,0
1704987113413038516,なんかね、皮肉ですね。,2
1704987113413038516,ほんにほんにぃ⤵️,2
1704853746596069497,日本でいま以上の格差が開いたら、ますますアメリカ型経済に近づくという意味でしか無い。米で「かろうじて」この格差のまま回っているのは強靭な寄付文化と理論に近い資本主義を回す土壌が揃っているからだ。そのどちらも無い日本でうわべだけ米国式をなぞっても無意味。レーガン時代の焼き直し的発想…,2
1704853746596069497,日本は、金融社会主義。,2
1704853746596069497,日本は、アメリカ🇺🇸を目指すより、むしろ人権とか寄付もない、特権階級が隣組や特高みたいに市民を丸裸で盗聴や盗撮や監視して、磐石に支配する北朝鮮🇰🇵を目指してますよ😂,2
1704853746596069497,格差社会を目指す自民党に投票し続けたらアタリマエ,2
1704853746596069497,お金を持っている人が日本国内で使うことで経済を回すことで社会貢献をします\n金持ちは歴史や文化に寄付しましょう,2
1704853746596069497,アメリカよりタチの悪い格差拡大でしょう。\n日本は経済後退なのだから。,2
1704853746596069497,そうとも言えます。,2
1704853746596069497,またこの経済「学者」？？？😩😩😩🤦‍♂️🤦‍♂️🤦‍♂️,2
1704853746596069497,人材いないのかなw,2
1704853746596069497,米国にあって日本に無い物の一つは移民。米国ではごみ収集や大工などの体力仕事は移民が回してたりするけど、日本は移民は少なくてビザのハードルもちと高いのと、国民が高齢化＆少子化してきてて働き手が少なくなるので同じ事を真似しようとしても無理だと思う。子供を大事に出来ない国の末路。,2
1704853746596069497,日本には寄付文化や\nボランティア文化もない。,2
1704853746596069497,わざとやってます。日本のマスメディアは。,2
1704853746596069497,資本主義は淘汰合併買収を繰り返すから最終的に少数企業の独占に結びついてメディアの独占につながり、それが民主主義社会では政治支配にも結びつく。今はそれが起きてますが、それはまんま社会主義と同じ形態ってのが皮肉ですね。,0
1704853746596069497,強大な経済力と軍事力に支えられた強いドルとそれによる移民が支えていますね。合衆国だけの特異事例です。\n\n日本はすべてないです。,2
1704853746596069497,日本がなぜ高度成長を成し遂げたのか…もちろん質と価格で国際競争力が高かったこともあるが、一億総中流と言われたように所得増を前提にした旺盛な購買力が内需産業を活気づけたことにある…リッチ層が高級品に群がり、一方で生活必需品の高騰に多くの国民が苦しむ現状に未来などない\n#岸田やめろ,2
1704853746596069497,成功者は寄付をして社会に貢献すべきという文化があるのに、ビル・ゲイツは、その圧力に対して、まだだ、まだその時期じゃないと言い続けたが、財団を設立して寄付した。日本には仏教の喜捨というのが少し残っているように思うが、ほんの少しだ。,2
1704853746596069497,合衆国の51州。もしくは中華人民共和国に吸収と思ってる。後者の可能性が高いな,2
1704853746596069497,完全同意です\n金融機関や大企業は国が支援してでも絶対に潰さない\nこんなの明らかに資本主義や自由競争の国じゃないですよね,2
1704853746596069497,格差が開く、開かないから、経済が廻る、廻らないの二元論が当たり前ではない。\n\n実際、競争の原理原則で考えると、格差を是正すると長期的には、全体成長の抑制要因になりやすい。\n\n歴史上に見られる傾向として…\n\n一領具足と刀狩や士農工商。学歴社会、プロとアマチュアのスボーツも…,2
1704853746596069497,80歳以上の人が1200万人居てそれらの人が皆いなくなってようやく高齢化率が16％と他国平均並みに下がります。人材がいようがいまいがこれが日本の30年続いたデフレ低成長経済の元凶です。成田氏でなくても集団自決しか解決方法はないと誰でも思います。,2
1704853746596069497,格差が無いから不景気なんだよ,2
1704853746596069497,前から思っていたのですが この際 米国の州にしてもらったらどうなんでしょう？なんにも問題ないように思うのですが😅,2
1704853746596069497,Jリーグが発足前は500万から1000万位の幅、アマチュアのみの中間層のみ、次に刀狩りでプロとアマを切り分け。\n外国人選手との格差(品質と年俸)が開くも、日本人のレベルが向上し士農工商の比率が生まれ\n\n今や海外リーグからJ3まで収入の格差は１００倍となったが、日本サッカーも世界トップレベルに ,2
1704853746596069497,これだけ貧困が拡がっているところにアメリカ並に銃器の所持が合法化されたら、間違いなく治安が悪化するのではないでしょうか···。,2
1704853746596069497,銃器の所持は 日本州法によって規制すれば 良いのではないかと思います,2
1704853746596069497,自己責任だの弱肉強食だのを礼賛する今の日本人だとあっさり銃所持に賛成してしまいそうに思います。,2
1704853746596069497,選挙制度はなくならないでしょうから 国民が それを選択するなら 国民が選んだということだと思います それより 右翼を標榜する人達は 米国になることに反対するのか賛成するのか？,2
1704853746596069497,実は自然界も同じで、食物連鎖も末広がりでないと繁栄しなくなるから…\n\n中国の今、日本の過去の繁栄も年齢による格差があるから…\n\n下広がりのピラミッドが経済成長には欠かせないから ,2
1704853746596069497,彼らは長いものには巻かれるでしょうし、主張としては共和党極右グループとかなり近いので。,2
1704853746596069497,中国の停滞はこれから…諸行無常にして盛者必衰は世の常かも…,2
1704853746596069497,アメリカの凄い所は、年齢格差を無くしている国\nだから、経済格差はモノ凄いピラミッドでも廻るのかも… 日本は年齢格差が少子高齢化のままで、逆三角を何処かで変わらないから…このまま、アメリカの状態の格差を抑える事が次の３０年の目標かも… ,2
1704853746596069497,３０年後はロボットが生産を担うと、労働しか出来ない人は更に格差に喘ぐ事になる。\nその次に、ロボットが知能から知性が生まれると…\n\n人とは何か？の議論が始まる…\n\n映画のテッド見て笑うだけの人は、タイタニックやアルマゲドンで泣いていた人で、未来の啓示とは思わないかも…。 ,2
1704853746596069497,その土壌があってもさすがに破綻しつつあるけどね\nもう半分破綻してる,2
1704853746596069497,身分による格差が大きかった江戸時代は1800年代に飢饉と災害の続発で人口が増えなくなり、それが明治維新につながる経済破綻の原因になった。,2
1704853746596069497,おおよそ金を稼ぐと言う意味が左傾化により日本人らしさを失いグローバリストや山本よろしく君たちは悪くないなどの左仕草が欧米化に近づいていますね。,2
1704853746596069497,日本は国が税を取りっぱぐれるから寄付は悪いものとしてるからなあ…,2
1704853746596069497,たちの悪い移民問題が増えるみたいな事アメちゃんがするわきゃない！\n\n日本のアメリカ植民地的属国のおいしい現状を放棄してやるメリット無し。,2
1704819078068846818,マンガ燃やしたりアニメ燃やしたりするのはいまいち成功しなかったけど、\n\n安倍さん暗殺して統一教会燃やすことには成功して、\nジャニーズ燃やすことに成功したなら、\n\n次は日本人が燃やされるってなんで分からないのかね,2
1704819078068846818,別に芸能事務所やマスコミに限らず、全ての企業で燃やせますね。このやり方で。,2
1704819078068846818,統一教会は私に関係ないから燃やされてもいい\n　　　　　↓\nジャニーズは嫌いだから燃やされてもいい\n　　　　　↓\n自分達が燃やされてようやく、きちんと批判してこなかった事を後悔する\n\n人間って愚かなものですよね…（しみじみ）,2
1704819078068846818,いきつくところ、\nどうみても紅衛兵と文化大革命に見えるんですよね……,2
1704819078068846818,確信犯のマスゴミはともかく、一緒になってジャニーズ叩いて排斥してる企業アホすぎますね。\n次はお前らの番だっつーの。,2
1704819078068846818,自分に火の粉が降りかかるなんて、これっぽっちも思わないんでしょうね。,2
1704819078068846818,そう言えば…\n,2
1704819078068846818,根底に日本憎悪があるんだから、いくら奴等に迎合しようとも時期が来たら皆んな殲滅対象になる。,2
1704819078068846818,🐎🦌で幼稚な女さんムーブだからです。\n自分はディズニープリンセスになれるつもりくらいの能天気なリベラル達。,2
1704819078068846818,今回でいい前例作っちゃいましたよね\n証拠なんかいらなくて性加害被害は嘘か本当かじゃなく被害者がいるかどうかが重要で信憑性なんかどうでもいいんですって。ついでに加害者は死んでても成り立つし、釈明すら必要がないって今回ではっきりしちゃった。,2
1704819078068846818,安倍総理を殺した、テロリストの言う通りに統一教会を攻撃し、証言が本当か、誰も検証しないままジャニーズを批判して貶めた。本当なら個別に対応し、精査してから和解して賠償すべきだが、基金を作って一律に補償する。統一教会に全弁連がやっている事と全く同じ。左派のやり方は、みんな同じ,2
1704819078068846818,気に入らない存在を加害者と被害者をまとめて燃やすスキームは昨年の事件で確立されてしまったと思っている。,2
1704819078068846818,司法通さず証言のみ＆時効なしを世間的に認めたらそのうちどっかの国が、観光に来たら日本人にレ〇〇されました。怖くて泣き寝入りでしたが母国に戻って同じような被害者集めて被害者の会作りました。日本政府は謝罪と賠償をーって始まりそうだなって思いました,2
1704819078068846818,なってみてから気がつくのでしょうね,2
1704819078068846818,旧統一教会信者への拉致監禁して強制脱会と似ています。\n#ウイグル #統一教会\n\n,2
1704819078068846818,まさにコレですね。 ,2
1704819078068846818,慰安婦問題も\nインボイスからの会社員増税も\nジャニーズ問題も\n\n全部対岸の火事が身に被って痛い目みて後悔してからじゃないと理解できないのはほんと痛ましい…,2
1704819078068846818,「敵」の動きを上から目線で𠮟りつけたい（笑）一心で、折にふれ得意げにニーメラーの言葉を都合よく持ち出すような人たちが、こうした動きにはダンマリどころか加担すらしてるのが最高のギャグというか皮肉ですよね＾＾;,0
1704819078068846818,バカだから\n以上！,2
1704819078068846818,実際、\nDJソダリ(痴漢大国ガー性搾取ガー)\nや\n児ポガー(フェミ云々の偽装を辞め昔の直接攻撃先祖返り)\nや\nLGBT(神社神道への執拗な攻撃に悪魔崇拝侮辱に子供たちのへ洗脳オルグ)\nや\n難民移民でクルド人を先兵として利用(本命は中韓朝鮮人の利権特権)\nで日本人を直に猛烈に燃やしに来てるからね。,2
1704819078068846818,次は、、、なのかわかりませんが\n警察ですね\n先ずは、人員削除です\n\nその次は、刑務所内の罪人の解放です\n\n次は犯罪者優遇です\n犯罪行為を止めたら、犯罪になります\n\n今の所、ここまでは、実際に進捗してますね,2
1704819078068846818,そういえば、統一教会は反共で日本共産党と対立しており、ジャニーズと対立していたK-POPのバックには共産党支持のColaboがいましたよね。 ,2
1704819078068846818,だから一括りに反日放火魔というようにしてはいるけどなぁ…動きや生態は基本的に同じだしね,2
1704819078068846818,ジャニーズや統一教会は燃えてもしょうがないからなあ\n\n放置されてたのが異常なわけで,2
1704819078068846818,日本人を燃やしたい日本人も多いってことでしょう,2
1704819078068846818,お邪魔します。政治、芸能と来たので、次は文化かなと思ってます。相撲協会などが狙われるのではないかと。,2
1704819078068846818,次はテレビが燃やされると思います┐(´д｀)┌ﾔﾚﾔﾚ,2
1704819078068846818,燃やす奴らの意図に気づかず「安倍さんも統一教会もジャニーズも悪いことしてる！だってみんなそう言ってるもん。だから叩かれて当然」と思ってる大衆が一番厄介だと思います。,2
1704819078068846818,自分には関係ないからと逃げる日本人が大半だからでしょう。今の日本人は危機というものをほとんど味わったことがないので、本当の地獄を想像できないのでしょう。何もかも奪われ虫けらみたく生きる未来なんて想像できないのでしょう。今の日本人は何でも他人任せ、その意味では左巻きの方がずっとマシ,2
1704819078068846818,安倍元首相もジャニー喜多川もどっちも燃える原因はご本人にあると思いますけど……,2
1704819078068846818,隣の国々の「日本絶対絶対殺すマン」っぷり本当のやばい\n\nやはりホロコーストは悲願なんですかね,2
1704819078068846818,？？統一教会やジャニーズを燃やすな、問題にするなって言ってる？明確な被害者がいるのに？,2
1704819078068846818,踊らされてる人の多いこと,2
1704819078068846818,そこで諦めて終わりにせず、最悪の事態を回避するにはどうすべきかまで言及し、警鐘を鳴らし続ける人が極めて少ない。\n\n日本に対し悪意を抱き日本侵略を目論む外国人由来の者達ばかりが政党を立ち上げ(主に🇰🇷🇨🇳出身通名帰化移民による手引きを疑う)、善良な者達は分断工作に踊らされ目が向いていない。,2
1704819078068846818,司法も半ば成功。,2
1704819078068846818,火をつける奴は、自分がつけられる事に気づけない。,2
1704819078068846818,アレよね一つ一つ世間から目立たないところから発言を潰していって最後には発言をできなくするやつやね\n\nイギリスのドレイ同士で憎ませるってやつで朝鮮人に司法　公明で取らせて国内の美味しいところは目立たずに食べるやつやな,2
1704819078068846818,寺社仏閣はあちらこちらで破壊されてますね,2
1704819078068846818,やっぱりですか。神社仏閣とも思ったんですけど、さすがに宗教関係を触るのはもう少し後だと思ったんですけどね。それは知りませんでしたわ。ありがとうございます。,2
1704819078068846818,Strongly agree with you ‼️‼️‼️‼️‼️,2
1704819078068846818,日本人は再々燃やされてるけど、全部手痛いしっぺ返しで撃退してきてるからなぁ。,2
1704819078068846818,分からないので、具体的に理由を教えて頂けませんか？,2
1704819078068846818,危機感なし！？,2
1704819078068846818,ああ、ナチスが近代絵画を退廃芸術と呼んでもやし、その後ユダヤ人を灰にしたパターンですね。,2
1704819078068846818,妄想バカにはすべて繋がっているように見えるんや🤣🤣,2
1704819078068846818,マンガやアニメは不燃物だったけど、統一教会やジャニーズは可燃物だったということでしょ。\n\n燃えないように蓋をし続けた存在がいなくなったら、溜まった分だけ激しく燃えるのは当たり前。,2
1704819078068846818,いや、何を言ってらっしゃるのあなたは\n墓穴掘るようなことして隙見せたのは安倍さんだったり、ジャニーズでしょ\n暗黙の了解なんて絶対的なものじゃないし、特に何十年以上も攻撃されないであろうと余裕ぶっこいて胡座かいてたせいで日本の利権なんかはユダヤ人とか中共のと比べたら外圧に弱いですよ,2
1704819078068846818,いえやつらはジャニー喜多川を燃やそうとしたらジャニーズ事務所が燃えてるんであって🤷‍♀️,2
1704819078068846818,ずっと煮込まれてるゾ,2
1704819078068846818,そうかそうか、なるぼど,2
1704819078068846818,電通はまだ生き残ってるね。\n自民党も！,2
1704819078068846818,正直一度、相撲協会は浄化されて欲しいです。,2
1704827830935191787,ヌーディストビーチの波打ち際、みてえな光景だな,2
1704827830935191787,なんだろね、風呂のチンコは気にならないのにビーチのチンコは見たくないんだよね,2
1704827830935191787,ヌーディストビーチ行ったことないです😨,2
1704827830935191787,何なら住んでたからね(笑)第一巻,2
1704827830935191787,そういえば海辺に,2
1704827830935191787,ちんこしかないじゃないですか！,2
1704827830935191787,生殖不能なくせにちんこでモノを考えてるだとか、すごい皮肉ですね,0
1704827830935191787,宦官にも性欲はあるって聞いたことありますが、まあその立場にならないと分からないこともあるかもですね\n急に真面目になった,2
1704813559820210571,岸田首相、安倍さんが死んだら即、国葬を決定するし、防衛費は増額するし、そして処理水も放水して、外交的にC国包囲網をつくってるし、初期のころ「岸田は検討使だ何もやらないから人気ある」とかいって願望で叩いて笑っていた界隈、自己の分析力のなさをすこしでも反省しましたか？,2
1704813559820210571,拙速気味になってるから評価されるにしても岸田さんもうちょいスピードメーター見てとしか\n言えたら良いんですけどねぇ!(冬熊と黄色い熊が闊歩して冷却水漏れ、内装ガタガタ、ブライダルカーの如く貼り付くデマ陰謀論缶,2
1704813559820210571,最初は最前線でのらりくらり回避盾やりつつ、後衛で動いている人を守るという戦法を取っていました。\n\n安倍さんがいなくなったので、役割を回避盾からアタッカーに切り替え、回避盾とアタッカーを兼任する傍ら準備を進め、ウクライナ訪問で完全にアタッカーに切り替わったように見えます。,2
1704813559820210571,反省どころか今も「支持率が低いのに辞めない」と叩いてます,2
1704813559820210571,色々と言われてるいるけど、支持率が落ちるであろう事も実行するのはスゴいと思います。\n以前、検討使とか言って反省してます。,2
1704813559820210571,少なくとも私は反省しましたが…なかなか人を見る目というのは磨かれませんなぁ、年齢ばかり増えてゆく。,2
1704813559820210571,すみませんでした😫,2
1704813559820210571,ただ検討使の頃のほうが支持率高かったのはなんか皮肉ですね…,0
1704813559820210571,そういえば検討使という単語も久しく聞いていませんね。,2
1704813559820210571,今だにバラマキって、叫んでる奴ら。\nキッシー、日本の味方を作るのに大成功。\n中国しか文句言わない状況を作ってるのは、流石だわ。,2
1704813559820210571,次の首相人気候補の報道を見るたびに、この人たちにやらせるなら岸田さんに続投してもらいたいと思ってしまう。\n安倍さんの残像が残る中での岸田政権、物足りなく思う人も多いだろうが、安倍イズムを引き継ぐと言っている日本保守党等、現在の保守分裂がなによりきにかかる。,2
1704813559820210571,それは\n全部岸田首相の手腕ではありませんわな\n国葬は暗殺に関わってる罪滅ぼし\nまたは隠蔽工作ですし　\n防衛費増額も増税によるもので\n本来ウクライナや諸外国にばら撒いた数百兆円の無駄金を回すべきものですし\n処理水もたまたまIA EAに助けれただけ\nC国と情報ダダ漏れの関係を隠してますな\n反省不要,2
1704813559820210571,最初は新聞脳だったのは事実だと思う。ただ首相になってから勉強はしてる。しかも反政権の言い分も取り入れつつ取り入れてもどうせ叩かれるから無駄だということも学びつつある。,2
1704813559820210571,悪いことばかりじゃないですが、LGBT法案を手拍子で通した感じがするのはちょっと...,2
1704813559820210571,大石内蔵助作戦(？)かもしれませんね😅,2
1704813559820210571,話は聞く…聞くが…今回まだその時と場所の指定まではしていない。\nどうかそのことを諸君らも思い出していただきたい。つまり…我々がその気になれば話を聞くのは10年20年後ということも可能だろう…ということ…!\n\nとか言ってすいませんでした,2
1704813559820210571,いわば言われたことやってるだけで自分はなにも判断してない疑惑,2
1704813559820210571,林さんクビにしたのも。ちゃんと見ている。,2
1704813559820210571,すみませんでした\n去年の今頃よりちょっと前辺りまで「うーん…」と思ってました,2
1704813559820210571,増税してないのに増税メガネとか言われるのかわいそう,2
1704813559820210571,はい、反省してます\n\nただ未だに何かスッキリしない気分,2
1704813559820210571,「岸田は増税しかしてない❗🤬」\nに切り替わりましたよ👀（笑）\n過去の発言？\nそんなものはなかったことにしようとはしてます,2
1704813559820210571,素直に反省･･･。,2
1704813559820210571,自分にはプラスにならない事をことごとく棚上げしてきたんだから検討使で間違いないよ。,2
1704813559820210571,ネットで指摘されたこと\n対策しているようにも\n感じたので、初期の分析\nが外れることはあると\n思います。\n　最近何処かで聞く、\n「是々非々」？ですかね？,2
1704813559820210571,それって既定路線で誰が総理でも最低限してたであろう事柄で\n最後の中国包囲網なんか中国が勝手に自滅してるだけに見えるんですけど…\n違うのかな？,2
1704813559820210571,自分は闇クマさんフォローしてましたので助かりました。対中強硬は嬉しい誤算で韓国レベルでも極左共産主義者は権威が失墜した程です。,2
1704813559820210571,反省しました。\nこれからは気を付けます。,2
1704813559820210571,左右問わず岸田降ろしに必死な勢力は、マスコミまで含めても\n功績の部分には絶対に触れません。\n反省なんかするわけない。,2
1704813559820210571,岸田はようやっとる,2
1704813559820210571,ただ、それこそ検討するって言っちゃうんですよね。　しない予定なら、しないアピールすればいいのに。,2
1704813559820210571,処理水と防衛費に関しては、した事そのものが功績と言うより、支持率が下がる事を自分が引き受けた事が評価されてもいいのかなって。　トイレ掃除を嫌な顔せずにした人、みたいな評価。(トイレ掃除が難しい訳ではない)\n\n中国に関しては、純粋に岸田さんの手腕だと思いますよ？,2
1704813559820210571,最近は増税ばっかりしやがってと叩かれてますな…,2
1704813559820210571,そうなんだよな〜\n後は移民と税金と補助金を何とかすれば…,2
1704813559820210571,岸田総理の支持率が低いのは、増税を強行しようとしているからですよ。その事を全然分かってないのでは？,2
1704813559820210571,ネトウヨに期待するようなモノなんか、何もないよ。,2
1704813559820210571,安倍の国葬なんてやる必要あった？ネトウヨの同窓会でしょ。未だに理解できないけど。,2
1704813559820210571,勝利国を広島に連れて行き慰霊碑に献花させる\n\n日英同盟ほぼ復活、イギリスは公文書に台湾は独立国と明記\n\nまず総理から前線へをやってみましたが何か？,2
1704813559820210571,陰謀論系の一部自称保守界隈による岸田首相へのイチャモンの付け方が、次第にあの頃の左翼の安倍元首相に対するそれとソックリになってるの笑う。,2
1704813559820210571,これは反省しきりです。\nと同時に岸田政権2年近く、安倍さん暗殺1年、最早そんなことを言い続ける段階にありますまいと。岸田さんを叩き続けるやつらもアレだが、政局ウォッチャー系の事ある毎に愚痴言いたがる界隈も逆方向なだけの事ではなく人で物言う輩でもう政府だけ見てようぜと。,2
1704813559820210571,もしそんなツマラン事の為に福島県民の想いを踏み躙って海洋放出を始めたのだとしたら\nコイツは万死に値する,2
1704813559820210571,増税もしてないんですよね。,2
1704813559820210571,ネットを含むメディアがそのように印象操作してますからな\n特にネットは自分の嗜好に合った情報が優先的に提示されるので危ない,2
1704813559820210571,外交に関しては、伊達に戦後歴代でも最長レベルで外務大臣務めてただけありますね\n「自由と繁栄の弧」の戦略を誰よりも詳しく理解している人です。だから官邸主導で外交をしたいのでしょうね,2
1704813559820210571,たんに官僚戦国時代で統制が効いてないだけ。むしろ、危ない状態。,2
1704813559820210571,貴殿も自己の分析力を見直してみたらいかがでしょうか？,2
1704813559820210571,一番国民にとって大切な経済対策をやってませんね。,2
1704813559820210571,すいませんでした,2
1704813559820210571,そうなんですよね。\n一見、主張がなさそうなので\nマスコミも文句言いにくく　\nススっと進めましたね。\n\n同じ事\n高市さんが言うと\nかなり揉めたと思います。,2
1704813559820210571,なんかいろいろ意見を頂戴したが、これが一番わけがわからない。\n\n＞もしウクライナがロシアに戦勝できなかった場合は どのように岸田外交をフォローするつもりなのだろう？\n\nとりあえず岸田はウクライナ戦争の帰趨にまで責任をとらなくちゃいけないのかｗ ,2
1704813559820210571,こういう人たち、ロシアが「力による一方的な現状変更」を望む側という前提がすっぽり抜け落ちているのですよね。「力による現状変更」の連鎖はやがて台湾にだって波及するだろうし、そもそも国際法違反なんですよ。ウクライナが可哀想だからとかではなく、そっちにBETするしかそもそもない。,2
1704813559820210571,めちゃくちゃ増税言われてるけど、具体的にやったの探すと出てこない。\n調べ方悪いのかな？\n増税したって人に何れを増やしたか教えて欲しい。\nもしかして増税はまだ検討中ばかりなのか？,2
1704813559820210571,増税はするが給料も上げるからなあなんとも言えない。,2
1704813559820210571,全然駄目,2
1704813559820210571,そうなんですよね。支持率ポピュリズムまるっきり無視してる。私もようやく理解してきました。,2
1704813559820210571,あれも色々複雑な背景がありそうです。確信できませんが、LGBT運動家達が怒っていたので、ギリ踏みとどまった法案なのではないかと。維新国民のおかげですが。,2
1704813559820210571,税収を増やしたという意味なら「増税」と言えなくも無いでしょうが（ｗ\n（21年度：68兆・22年度：70兆）\n岸田政権下ではあっても、岸田政権の仕事とは言えないしなあ。,2
1704813559820210571,インボイス導入が増税に等しいとか言われてますね。実際はどうだかわかりませんが…\n増税についての観測気球だったりどこかの提言が出るたびに増税増税と言われて気の毒です。,2
1704813559820210571,見方によって良くも悪くも見えるんですね。\n私個人的には保身のために米国民主党の言いなりになって動いてるだけの無能な傀儡政権にしか見えないんですよ。,2
1704813559820210571,何が言いたい？,2
1704813559820210571,防衛費はまだまだ足りないのでもう少し頑張って欲しいですし余ってる税収が10兆もあるので減税して欲しいですね。あと公明を早いところ切り捨てて欲しいですね。,2
1704813559820210571,その見方そのものは否定しません、とだけ。,2
1704813559820210571,株価こんなに上がると思っていませんでした\n\nなんなら25000円くらいうろちょろと思ってましたわ,2
1704813559820210571,岸田じゃなくてもやらなきゃいけない所までどん詰まりな状況。\nなら、インボイスを廃止しないのは何故？\nトリガー条項を発動しないのは何故？\n普通に財務省のバター犬だからだぞw,2
1704813559820210571,成果に対して評価が足りないと言われれば、確かに反省が必要です。私の言動として。\n先が見えないボンクラですが、その時の危機感から申し上げてるわけで、結果そうならなければそれで良しではないでしょうか。ボンクラは黙っていろと言われればそれまでですが😅,2
1704813559820210571,うーん、移民政策・・,2
1704813559820210571,移民政策と治安悪化。\nLGBT法。\n息子のコネ入社。\n都合の悪いことをスルーしてる時点で分析出来てないだろw,2
1704813559820210571,はい！🙇,2
1704813559820210571,だが、害国人優遇だけは許せないンですよ。,2
1704796048265486830,語チェストで本当に済むのかこれは,2
1704796048265486830,済むでしょうね（笑）\nいや済ませるしかないでしょう。,2
1704796048265486830,どの道ロシアは余力がないから誤チェストじゃなくても何も出来ないと思います。　連絡係以上の役には立ってないですねロシア平和維持部隊…,2
1704796048265486830,ほんと見てるだけですよね（） ,2
1704796048265486830,アゼルバイジャンと戦ってもロシアには何の益も有りませんしね。\nそもそもそんな余裕も無いわけですが。\n今にして思えば最初の戦争でアゼルバイジャンが負け過ぎ、アルメニアが勝ち過ぎました。,2
1704796048265486830,むしろ立ち合い人扱いですね,2
1704796048265486830,ウクライナで忙しい。安泰じゃ。,2
1704796048265486830,あの敗戦故にアリエフ親子の長期政権が始まったのも皮肉ですね。,0
1704796048265486830,よかよか,2
1704796048265486830,ま、有言実行ではあるというか,2
1704796048265486830,名前聞くんは女々か,2
1704796048265486830,名案にごつ,2
1704743925742002481,たぶんこれはゆかごさんにしか通じないと思うんですけど、すゃゅ……ぃち自探索者は暗黒です,2
1704743925742002481,ゲラ笑った、弊ほに……弊ほになんだろ、賢者が似合いますね……,2
1704743925742002481,ああ…………でもほに、黒魔も似合いそうですよね……,2
1704743925742002481,黒も似合う、とても…………弊ほに、サクサクバリア張って過剰ヒールしがちだけどやっぱBHって戻し力には欠けるじゃないですか(❓)自陣LPほいち暗ほに賢ほさん竜ほよん黒ですかね……,2
1704743925742002481,あ～～なるほど……戻し辛いし、MPｶﾂｶﾂになるやつ……\n自陣ほぼ爆散してますけど、考えるならほいち暗ほに黒ほさん忍者ほよん白ですかね……,2
1704743925742002481,ｧ〜〜、ｧー…………(噛み締め)ありがとうございます……助けて〜〜〜〜,2
1704743925742002481,今思うとほいち暗黒の無敵がリビデなの最高に皮肉ですよね,2
1704721184133452164,おはよーございます????\n道内各地で路線バスが姿を消す9月末、惜別ついでに沿線の魅力を体感しにいきましょうか。\n\n??高速おたる号　小樽駅前行\n札幌駅前BT06:35→07:38小樽駅前\n\n　　#たかちんトラベル 第43弾\n  「消えゆくバスでいいものさがし」\n　   第一部「神の岬と積丹の恵み」,2
1704721184133452164,神威岬かな。\nデマンドバスになって便数増えるのが皮肉ですが、予約制となると一般的には使いにくくなりますね。\n\n私は天北宗谷岬線の最後いこうかなと思っています。,2
1704721184133452164,お察しの通りの神威岬でした。\n神恵内線の乗り納めもしたいので、そのときにデマンドバスも試してみます。,2
1704395188171604307,りつきさん、初めまして！金糸雀城の企画で御一緒させていただいております、からすと申します！\nこの度は関係募集に反応ありがとうございました！何かご希望の関係などございますか？なければお話からでも大丈夫です！\n(誤反応であればスルーで大丈夫です),2
1704395188171604307,からす様、無言フォローにも関わらずお迎えおよびフォロバ頂き、ありがとうございます✨\n同企画に参加しておりますりつきと申します🙇‍♀️\nシンケルスさんの神々しい容姿や立ち振る舞いと、内面は悪魔としての本能や体質に苦しめられているギャップが業が深くてすごく好きです🙏→,2
1704395188171604307,拙宅のセラとお友達になっていただけないかと思い、❤致しました🙏\nシンケルスさんと寮は違いますが同じ学年なので、合同授業等でお姿拝見した事はあるのではないかなぁと…セラは実技でトラブルを起こしてばかりなのでシンケルスさんに(悪い意味でになりそうですが)覚えられてても嬉しいですし、→,2
1704395188171604307,人の石が気になって仕方ない性分なのでセラから話し掛ける事もあるかと思います🙇‍♂️\nセラも先祖返りにより一族の中では天使に近しい存在な為本能から来る悪魔への敵対心を抑制していたり、故郷には戻りたくない気持ちがあったり立場は違えど似ている部分もあって、けれど本質は相容れなさそうなのに→,2
1704395188171604307,セラがシンケルスさんの素性を知らないが故に一見友情を育めている危うさが楽しそうだなぁと…いつかそれを知る事が出来るほど仲良くなった時、どう転んでも個人的に美味しいなと…\nあと時々お弁当頂きたいです…！！大変長くなり、申し訳ございませんが、御検討頂けますと幸いです🙇‍♀️,2
1704395188171604307,あわわわわ、とっても嬉しいお言葉ありがとうございます！是非お友達になりましょう！\nシンも魔力制御が体質的に苦手寄りなので、トラブル起こしてる様子を見て親近感が湧きそうですし、石について話し掛けられたら「鼓膜にあるからちょっと見え辛いんですよね……」と正直に伝えます。\n→,2
1704395188171604307,悪魔への敵対心……！とても美味しいですね！()シンが背中を向けると羽がちょっと見えるし尻尾もあんまり隠してはないので割とバレてしまうのは早そうだなと……思ったり……🤔\n時々お弁当、ありがとうございます！女の子なのでキャラ弁とか手を出しそうです！,2
1704395188171604307,お返事ありがとうございます✨\nわぁぁシンケルスさんに親近感を抱いてもらえるの嬉しいです🙏\n「鼓膜にあるのですか！？是非耳の中を見せ(以下略」と興奮しながら詰め寄りますし大好きな石の話題で心の中大爆発して心の声五月蝿い人だなって思われたりしないか心配です🤣→,2
1704395188171604307,色んな種族がいらっしゃいますし「悪魔っぽい…？まさかね」と考えないようにしています。セラに悪魔を探知する力はないので、シンケルスさん自ら悪魔と認められない限りは恐らく気付かないかも…？🤔\nでも何らかの事情で知ってしまった場合、シンケルスさんと同じように本能と理性のせめぎ合いに→,2
1704395188171604307,苛まれるかもしれません…制御はしますがシンケルスさんに対して負けず嫌いになったり毒の含んだ言動になる等、多少行動の変化は見られるかもです！(そして自己嫌悪に陥ります)\nお弁当嬉しいです✨自分でもお弁当作れるようになりたいので、参考にするかと…！思ったのにキャラ弁🤣🤣\n急に難易度高くて,2
1704395188171604307,「い、いいですけど……ちょっと恥ずかしいな……」って言いつつ見やすいように屈みますね。心の中大爆発してるのを微笑ましく思ってます。あ、あとちなみに天使(神聖なもの)が素肌に触れるとシン側のみ火傷します😉()いっぱい触ってくださいね(よその子に重荷を背負わすんじゃない)→,2
1704395188171604307,この理由説明の時にもうバレそうな気がしていてですね。ばらしたいという訳じゃないんですけど……隠して……ないので……！😣\n負けず嫌いになったり毒の含まれた言動になっても悪魔育ちなので(？)別に平気というか気にしないというか、まあそうなるよね、いいよ～って感じで全然怒らないですね→,2
1704395188171604307,こっちは気にしないんだし無理に抑制しない方が楽じゃない？って提案してしまいそうで……！\n自分用に作るのはちょっとハードル高いけど本で読んで気になるなって思ってたらしく🤔自分でも作りたいことを知ったら朝一緒に作るか聞きそうですね！,2
1704395188171604307,心の中の感情の暴風雨を微笑ましく思って下さるシンケルスさん、寛大で天使…😂(悪魔です)\nセラは先祖返りしていますが人の血が混じっているので聖気等は天使に遠く及びませんが、どの程度火傷されるか等自由にご設定下さいね🙇‍♀️✨\n触って痛み感じられたら最初は「…派手な静電気でしょうか？」と→,2
1704395188171604307,思い当たる可能性から目を背けて心配するかと😂\nシンケルスさん隠していらっしゃらないのですね！不躾な態度を許してくれる懐の大きさ…ご提案には「…いえ、固定概念に囚われ本質を見失いたくはないのです。あなた自身がこのような扱いを受ける理由はないはず。理不尽というものです…多分…」と、→,2
1704395188171604307,シンケルスさんの人柄を好ましく思う為に謝罪は精一杯しますが最後に強がりがチラリしそうです🤔その辺も全部筒抜けなの笑います😂\n一族の古い考え方(悪魔殲滅思想含む)に疑念を持って逃げてきたのに、天使の血が濃く出たためにその中で一番自分が本能に支配されてるの皮肉ですね👼→,0
1704395188171604307,わー！一緒に作って下さる…！？その際は「…ではお願い致します。すぐに貴方より上達してみせますから」と有難く思いつつも一言余計な事言います👼,2
1704395188171604307,マイナスならともかくプラスの感情の爆発なのでね、微笑ましいと思います😌\nそれだと本当に派手な静電気とかあつあつのお茶くらいになりそうですね🤔じゃあシンが我慢すればばれないや()「そうみたいですね」って答えます😉\n隠したところで悪魔であることは変えられないのでね……。\n→,2
1704395188171604307,ぶっちゃけた話、故郷に居る時の方が酷かったのでほんとに気にしてないっていう……🙄\n「固定概念に囚われないのはいいことだけど、俺に関してはその通りだからね」\nって言ってしまうんですよね。そちらの一族の古い考え方擁護派というか、結局どれだけ自分が故郷を疎ましく思おうが同じ穴の狢\n→,2
1704395188171604307,であることは分かっているので……。皮肉、美味しい()\n一緒に作りますよ〜！教え方は緩和されたものの若干スパルタ風味ですが……！\n「おっ、心強い。じゃ、頑張ろう」って言ってます。「筋がいいね、これじゃあすぐ追い抜かれちゃうかな」とか言ってそうです🤔🤔,2
1704395188171604307,シンさんがやせ我慢してるのすごくもどかしい…逃げて😭🏃💨\nセラ事情も知らずにスキンシップしそうなのでシンさんの肌面積狭くて良かったです！😖そうみたいですね、と答えられたらそのまま信じるので、悪魔と気付くのは少し先になりそうですが…知らずに交流深めて友愛芽生えた後の方が→,2
1704395188171604307,本能との葛藤やら苦悩がより重い物になりそうでそれはそれでとても美味しいです😋\nシンさんの故郷どんな過酷な環境だったのですか…🥹\n「…もしあなたの仰る通りなら、私はまだまだあなたの事を計り知れていないのですね」と、シンさんの表層しか見れていない事に悔しい気持ちを零すのかなぁと…🤔→,2
1704395188171604307,二人とも自分の本質に思う所あるのに血に縛られてるの…すごく好きです…🤗\nわー！スパルタ！✨\n「真似っこなら得意なんですよ。」と自信たっぷりに言いますが、自らのアイデアで何かを作り出すことは苦手なので、創作料理はゲテモノが出来上がりそうですし、料理にもし魔法を使うようなら,2
1704395188171604307,残念ながら逃げないですね……😌きっと天使に纏わる子なんだろうなと思いつつ、事情を知らせずにいることでしょう……。\n葛藤と苦悩😋いやよその子のそれを美味しいと思うのはあれなんですけど……！悪魔ってバレるのはいつになりますかね……🤔隠してはないですが種族についての話にならないと→,2
1704395188171604307,別に話さないような気もして……🤔でもいつかバレてはしまうだろうなと🤔\nえーと、先祖返りのマジで最悪な悪魔の集落だったので……🙄\n「それはそうだよ。誰だって綺麗な面を人に見て欲しいものだろう？」って答えますね……。\n私も好きです……🥰\n→,2
1704395188171604307,真似っ子が得意ならレシピ通りにやれば大丈夫ですね……！()創作料理に走ろうとするのを頑張って止めてるシンが思い浮かびます……🤔料理に魔法は使わないから大丈夫です💪,2
1704395188171604307,あぁぁ…セラ天使の血が強すぎなくて良かったです…😭\nすみません…シンさんの設定美味しいって思って…しまっております…👼\n確かにセラも自分から種族の話をしないので、なかなか話題出なさそうですよね～…セラがシンさんの体触って痩せ我慢してるのを、互いの種族知ってる友人等から→,2
1704395188171604307,「触られて大丈夫？」等心配されてるのを「どういう事ですか？」と事情聞いて知っちゃったり…？はありえますでしょうか…？🤔\nそうじゃなくてもいつかは認めざるをえない時は来そうですが😂\nそんな環境で善くあろうとするシンさんが育つのは大変な思いされたのだろうなと…→,2
1704395188171604307,「確かにそうかもしれません…ですが、芯から淀んだ原石はどこを磨いても美しい面を見出せないでしょう？美しい面を出せるあなたには、その中身も澄んだ部分があると言うことで…」鉱石に例えるのは何だか違いますね、とセラなりに下手なフォロー入れるかと思います☺→,2
1704395188171604307,そうですね、レシピ通りにやれば出来ます！「ですが言われたままやるだけでは、シンケルスさんに至る事は出来ても追い越す事は出来ないでしょう…！？何か、何か違う事をしなければ…！」などとよく分からない調味料入れようとしそうですね😂\n魔法使わない料理で助かりました🤣🤣,2
1704395188171604307,いいんですよ……私もセラさんの設定美味しいと思っておりますので……\n触られると火傷することはあんまり言ってないので、シンが「悪魔らしくない」って言われてるのをセラさんが聞いてしまうとか、意地が悪いと言われて普通に「悪魔ですからね」って返してしまったりとか、そっちの方がありえそう→,2
1704395188171604307,かなと……🤔\n悪いものに晒され過ぎて飽き飽きしてしまった感じですね……\n苦笑して「そうだと嬉しいけどね」いいよ、君の好きなものに例えてもらったんだから、と答えます。,2
1704395188171604307,変な調味料入れようとするセラさんを\n「ばっ、待っ、その志はいいことだけど、今のまま突っ走ると俺以下になるから！いいのか、俺以下になって！！」って止めます。シンは割と感覚派で新しいことに挑戦する時以外はあんまりレシピ見ないので余計負けず嫌いに火がつきそう……😂→,2
1704395188171604307,しかもシンもなんだかんだ負けず嫌いなので効果的な場合でもあんまり負けを認めなさそうなのが😂,2
1704683725341196707,いわゆる武断派と文治派の対立、どちらかと言うと伝統的重臣層と側近・新興家臣層の対立と言われた方がしっくりくる,2
1704683725341196707,ここら辺は中司先生が指摘されているとおり,2
1704683725341196707,「大内殿有名衆」の\n特に奉行(三奉行・小奉行)の変遷・推移は旧勢力に対して新興勢力の方が\n伝えやすいですよね\n天文十六年前後の\n伊田氏・貫氏・小原氏・青景氏などは\n成長する新興勢力として\n義隆にとって\n期待と不安も入り混じるような,2
1704683725341196707,大内家臣小原氏にはかなり興味があります\nその小原氏・青景氏が隆房に内通していたのは皮肉ですね,0
1704683725341196707,なにを以て文治派(伝統的同族関係なら)\nなにを以て武断派(擬制的同族なら)\n左京兆さん仰る点は\n私も賛成です,2
1704595979956363422,#GOLD(#XAUUSD)はFOMC前に急伸しましたが、金融政策発表後急反落しています。\n当然、会合発表前でSilverは利益確定しています。\n翌日以降は一旦下がって再反発する機会を狙おうと思います。\n1949～1952付近までの再上昇はかならずあると思います。,2
1704595979956363422,なかなか長大なカップウィズハンドルに10月半ばあたりになりそうですね,2
1704595979956363422,案の定、アジア時間でGOLDが売られドルが騰っています。\nこれまでのFOMC後の動きを学習しているならこれが逆にドル売り・GOLD押し目買いの好機に転じる兆しであることは明白です。,2
1704595979956363422,"aud/usd,金銀ともにネットショート増加してますね＾＾\n順張りになりそうですね。",2
1704595979956363422,皮肉ですけど個人はハメ込まれる運命です。,2
1704595979956363422,そっすねw\nそして、やっぱり実質金利と名目金利の乖離をパウエルさんは意識した発言でしたね。\nショート勢は思ったより下がらないな。。という感じでしょうね,2
1704595979956363422,そうこれは昔からあってソニー銀行の得意技です。,2
1704595979956363422,昔からあるんですねw\nクソニーですねw,2
1704595979956363422,顧客のことをどう思っているかよくわかります。,2
1704595979956363422,ですね。。。\nダイソンみたいにお金吸い込んでいくんですね。,2
1704595979956363422,何も知らない顧客に明らかに自分たちが有利なオプション取引を仕掛けているので悪質です。,2
1704595979956363422,確かにこれは一定期間でインセンティブあるからオプション取引ですねw\n\n税引7.5%くらいで両替往復で手数料かかって、利益出たら税引20%かかって、極め付けは「預金」っていかにも日本人が好きそうな言葉を入れてるのが更に悪質だなと思います。,2
1703225198449946848,爆笑してしまった。「女性が何人とかそういう時代じゃない」って、男女半々なんかとっくに達成し女性がマジョリティになって初めて説得力が出る言葉。ジェンダーギャップ底辺から脅威の男性比率100%を叩き出し、世界から取り残されてる立場でなぜか時代の先端を気取る滑稽な国が正に「日本だけ」笑 ,2
1703225198449946848,「お前も政務官にならないか？」,2
1703225198449946848,「女性が何人とかそいうい時代じゃない。」\nと胸張って言えるのは、\n#れいわ新選組 位(^^),2
1703225198449946848,なーんだ出羽守かー,2
1703225198449946848,日本ってまだ「天皇陛下に側室を」なんて言ってる人がいるんだよね。「女性の天皇になったら国が壊れる」とか、男を産まないとイジメにあうとか。なんかおかしい。,2
1703225198449946848,男性でも「なんでこの人が？」って人が今まで散々ポストについてきた\nまずは女性に定量的にポスト与えなさい、ある程度の量になってから能力云々の話をしなさいというのは、至極真っ当な意見\nあと専業主婦を否定はしないけど子育てと仕事が両立出来る社会的補助を先生達は率先して考えるべき,2
1703225198449946848,そもそも男社会の中で男目線の評価自体が時代遅れなのに、自分があたかも評価されて選出されたと思い込んでいる時点で本当に勘違い野郎が多いですよね日本は。,2
1703225198449946848,どう考えても日本にいる女の能力が低いからからだろ。政治家になってからもの言え。情け無い。俺もLAに20年以上住んでいるが、やっぱりアメリカ人女性は人種かかわらず能力が高い人が多い。,2
1703225198449946848,そう言うならあんたが政治家になればいい,2
1703225198449946848,性差別主義者,2
1703225198449946848,出羽守らしいポストですね,2
1703225198449946848,G7ジェンダー関連会合で、\n「気まずい」として掲載された写真をどうぞ😆\n\n居並ぶ各国代表(全員女性）の中にただ一人男性の、小倉内閣府特命担当・女性活躍担当大臣大臣w ,2
1703225198449946848,なんで女性がむりやり政治家にならなきゃいけないの？\n\n誰もやりたく無いんだからさ\n\n反日や左派が、どうせ揚げ足取りするし\n\n罵声を浴びさせられるのを知ってるから\n\n誰も立候補しなくなるんだよ\n\nオマエらのせい,2
1703225198449946848,何が気まずいの？\n\n私は真の男女平等を目指しているから、何も気にしないよ。\n\nじゃあこの写真も無理やり男女半々にしたら満足なの？\n\n男女比を気にしてるやつって、気づかないうちに差別してるよね。,2
1703225198449946848,ハッキリと有能な女性が少ないと言えない空気,2
1703225198449946848,男が活躍してるよね、、,2
1703225198449946848,有権者は女性の方が多いので、女性だけで別の政党を立ち上げ、そこで政権を取れば、半数どころか女性100%も可能です。\n\nそうしないのは、女性による選択の結果です。\n\n改善する気が女性にないのだからどうしようもありません。これはすべて女性の責任です。,2
1703225198449946848,本人はドヤ顔で胸張ってましたね。 ,2
1703225198449946848,その背景には自己成就的な統計的差別という問題があります。詳しくはこちらのページをご覧ください。\n,2
1703225198449946848,爆笑とは ,2
1703225198449946848,驚いたことに、結構賛同されているTwitterユーザーがいらっしゃること。つまりは日本において男女差別は存在していない、あるいは男女差別を指摘されること自体毛嫌いされている、のか。はたまた世界から取り残されている事実を見たくないのでしょうか。結構根深い問題ですね。,2
1703225198449946848,普段から男女平等を言うくせに、男性が一人だと平等じゃ無いよ。\n単なる政権批判、男性を卑下したいだけにしか感じませんけど。,2
1703225198449946848,「女性活躍」という名の国際的会議。\n\n女を出すのがルールだろうが、、\n\n馬鹿でしょ、、,2
1703225198449946848,ルールなんですか？\nエビデンスありますか？,2
1703225198449946848,女の子トイレにわざわざ入って「平等だろ、何がいけない？」とか言っちゃうタイプ？？\n\n「女性活躍」の国際的会議です（笑）\n\n女差し置いて男が出しゃばってどうするよ、、\n\nそんなにまで男に活躍させたい？？,2
1703225198449946848,そんな下世話な考え、全くありませんね〜。\n\n貴女の感想や感情論じゃ無くて、きちんと明確なルールを示して。\n\n女性活躍の国際会議に参加する明文化されたルール。そのルールに示されたのに男性が参加したらアウト。\n\nそれこそ日本馬鹿野郎です。\n\n良いですかルールが有ると言ったの貴女\n分かりますか,2
1703225198449946848,そこまでして女を追いやって男が活躍したいのか？って話。\n\nジェンダー平等活躍などを話し合う国際的会議で他国は女性を出した。\n\n日本が「ジェンダー平等では無い」という表明を世界に発信したということ。\n\n馬鹿でしょ、、\n\n恥という概念が無いんだろう。 ,2
1703225198449946848,馬鹿は貴女ね。\n\n論点理解出来ない？\n参加者要項ってわかる？　\n\nそう言う類のルールがあるなら示せ、感情論や感想は要らない。貴女の思い込み要らない。\n\n貴女がルールだと主張する証拠を出してよ。\n\nきちんと決まったルールに即して判断するの。\n\n貴女は自分の基準に合わないから気に入らないだけ。,2
1703225198449946848,大事なんでもう一度。\nルールが有るなら示して。\n\n男女平等は当たり前、貴女の感覚、感情、想いは要らない。\n\nルールがあるなら、日本政府はもっと責められて然るべき。\n\n女性参加がルールなのに、何故そんな事するのか？\n\nばかなの？が常套句だが、ブーメランだよ。理解力無いし。,2
1703225198449946848,「女性活躍」の会議に男を出してどうするよ、、\n\n愚かでしかない。,2
1703225198449946848,女性活躍を語る場なのだから主役は「女」だよ。\n\n女になれない男が出しゃばって何がしたいのか理解不能。\n\n周りの国の女性も呆れただろうな、、、\n\n子供を産まない、育てない立ち位置の男が「どうすれば少子化改善するのか考えられない」ってのと同じ。\n\nしかも出席した小倉さん？大した権限無いよね。,2
1703225198449946848,日本語分かる？\n\n貴女の主張したルールを示す証拠を。\n\n男性出してどうするよ、、愚かでしか無い←全部、主語は貴女だよ。\n\n貴女の感想、感情論要らない、証拠を示して。\n\n出せなければ、単なる感情論振りかざす害悪でしか無い。\n\n客観的な証拠ね。,2
1703225198449946848,他の国がなんで「女性」をこの会議に出席させたのかわかってる？\n\n&gt;男が出て何が問題？\n\n感情論オンリーですね。\n\n女のことを話し合うのに「女じゃない人間」が出て何する？\n\n生理だ出産だって話が出てついていけるの？何も話せないでしょ。\n\n女じゃないから。\n\n日本語わかるなら理解できるよね？,2
1703225198449946848,だからそれって感覚でしょ？\n\nルールって感覚で言わないの、分かる？\nねぇ、日本語学び直したら？\n\n貴女の話しは全部、貴女が主語なの。全部貴女の基準。\n\nルールってそんな曖昧じゃ無いの。\n\n時には法律で決められているの。\n\nコンプライアンスだってきちんと明文化されてんの、感覚は無いの。,2
1703225198449946848,いやいやだから、ルールを示して。\n開催要項に記述されてんの？\n\nルールだって貴方が主張したんでしょ？\n会議の内容は関係無い。\n\nルールが有るなら示して。\n\n無いから示せず、自分の感情論だけ。\n\n論点整理すら出来ないレベルの人に馬鹿呼ばわりされたくねーな。,2
1703225198449946848,日本から「必ず男を出席させる法律」でもあるの？？\nあるなら「先に」出して（笑）\n\n女のことを話し合うのに男出してどうするよ。\n\n空気読めねえし使えねぇ、会議の議題考えろ、って話だよ。\n\n女の活躍の会議なのに「男が活躍」してる日本。\n\n理解出来てる？,2
1703225198449946848,&gt;会議の内容関係ない\n\n馬鹿ですね。\nさよなら。\n\n内容、大いに関係あるだろ。,2
1703225198449946848,エッフェル議員さんしかり、ホモソが能力よりも自分らの利用価値の高い迎合女を登用して、能力のある女性を潰している社会だから。そこらじゅうの日本の会社でも行われてること。で、能力の低いオッサンが要職につく、で、偉そうに語る。笑うわ。,2
1703225198449946848,またゴール動かす。\n2時間前に貴女がルールだろうが、、。\nと仰いました、その証拠を示して。\n\n話し通じない人の特徴。\n\n勝手に決めつける。\n期待通りの話しじゃ無いと納得しない。\n自分のスコープに無いことや気に入らない細部にだけ拘る。\n聞いて理解する能力が低い。\n\n無駄なんでさようなら ,2
1703225198449946848,心は女性の人が数人はいってるんですよ。\n\nあなた遅れていますねー。\n\nもっと意識をたかくしてください😘,2
1703225198449946848,自殺者やホームレスに女性が少ないのは女性差別！,2
1703225198449946848,女性らしさが必要ですね♪,2
1703225198449946848,国政選挙でも半数の人が選挙に行きません。その結果、利権団体や宗教団体の組織票が優位になってそれが政治に優先されるということじゃないでしょうか。無関心無責任層の男女も問題かと。,2
1703225198449946848,＞ごっさん…様？\n暗黙の〜とか一般的には〜などは理解できませんか？\n世界各国の代表者の顔触れを見ると、エビデンス(裏付け・証拠）以前のグローバル思考での常識というのがよく分かるのですが？\n皮肉られても「男の強いリーダーシップで纏めて感謝された」と言った小倉氏と同じ残念思考かな…,2
1703225198449946848,さすが、元日銀総裁黒田「異次元の金融緩和」や、増税めがねキッシーの「異次元の少子化対策」など、「異次元大好きな日本政府・自民党」の議員さんwww\n全員まとめて、異次元の世界へ飛ばしたい🤣,2
1703225198449946848,議題に則して、それを踏まえて問題ないから参加したのでは有りませんか？\n\n問題が有るにも関わらず参加していたら政府はアフォです。\n\n規則（きそく、ルールとも言う）とは、人の従うべき準則であり、主に文章によって規定されたものをいう←ルールの定義。\n\n解釈で、ばらつく内容はルールにに有らず。,2
1703225198449946848,(会話参加者の為に、ここに返信）\n＞ごっさん様\nさんが彼か彼女かは知りえませんが、ここでルールと(彼が）表現した言葉こそ日本語でいう「暗黙の了解・暗黙のルール」の意と私は解釈。不文律とも言い、逆引きで unspoken rules \n言わずもがなの前提了解事項、明文化を求められていません,2
1703225198449946848,人による判断がばらつく事はおかしな話しだと私は解釈します。\n\nルールの解釈が暗黙と明文で判断分かれてますね。\n\nそう、これがあるからルールが無いなら参加しても良いでしょ？った解釈もあり得ますよね。　\n\nその一方で前提があるから理解してよ、たがら参加がおかしいともなり得ます。,2
1703225198449946848,「ルールの定義」を盾に大論陣を張るごっさん様ですが\n先に書いたように日本語で「不文律」、英語にすると Unspoken rule、どちらも広義でルールの範疇。\n辞書的にも、rule ＝規則・規制・慣例・約束・しきたりなどを意味する英語で明文化は含まれません。学び直しをオススメ。\nもう止めませんか？,2
1703225198449946848,じゃwikiや見ている辞書が間違えてるんですね。\n明文化が無くどう判断するのかな？\n\nそもそも「Gender Equality」がテーマの会合で男性が出席していることに「恥ずかし過ぎる」と非難するのはナンセンス。\n\n日本政府も頭悪い。,2
1703225198449946848,(メンションご迷惑ならご一報下さい）\nそこまで言うなら、ごっさん様は辞書編纂に就かれては？の冗談はさておき、言葉の定義に一家言あるごっさん様、\nGender equality を男女平等とせず男女共同参画とする“言葉のアヤ”への批判は？,2
1703225198449946848,冗談はさておき？なんかそうやって卑下してマウント取りたいのかな？\n\nもはや話し通じないんだもの。\nルールの定義が固まらず話しにならないでしょうに。\n\n何処から男女共同参画の話しに？\n脈絡無さ過ぎですよ。\n\nリポ要りませんので、良い休日を。,2
1703225198449946848,なぜ男性だけだと問題なのですか？\nたまたま男性が多かっただけなのでは？,2
1703225198449946848,国際貢献する前に国際的視野を持つことを国民に啓蒙するのが政治の役割の一つと思うが真逆だね、無能さを笑うしかない悲しみ😿,2
1703225198449946848,皮肉ですが、林真理子氏が責められてるのを｢女性だから嵌められた｣と言う方がいたけど、女性大臣や女性の管理者が増えて上手くいかなかった場合、今度は女性だからはめられたとか責任を押しつけられたとかと言い出すんでしょうね。痴漢や性犯罪を認めない男性と似たようなもんですね。,0
1704648872675700790,カラバフはロシアのクリミア占領もドンバス占領も認めていたそうなのでなんか皮肉な話,2
1704648872675700790,？？？「撃っていいのは撃たれる覚悟がある奴だけだ」,2
1704648872675700790,Принцип.,2
1704648872675700790,自分たちがこうなるとは夢にも思ってなかったんですかね？\n侵略される側の気持ちに気付いた時には既に手遅れだったと思うと確かに皮肉です。,0
1704648872675700790,暴力による国際秩序。ある意味望んだ結果なのかもしれませんね。\n\n法による国際秩序を支持します。,2
1704648872675700790,それは皮肉ですねえ…\n今反省してると思います\nウクライナも中国と懇意にし\n兵器売った事反省してると思いますし,2
1704648872675700790,最後の頼みの綱が、アルメニアが防衛条約を結んでいるロシアだったからね。\n\n肝心のロシアは全然ケツモチしなかったけど。,2
1704648872675700790,あの頃のロシアは強かった,2
1704648872675700790,こうゆう話出ると印象変わるなぁ…ウクライナも溜まったもんやないやろうな…,2
1704648872675700790,自業自得か,2
1704648872675700790,天罰かな🤔,2
1704648872675700790,アゼルバイジャンは親子2代にわたって大統領職が継承されている独裁国家です。国家形態の観点から見ると、アゼルバイジャンによるアルメニア侵攻は、ロシアによるウクライナ侵攻のほうに近いです。… ,2
1704648872675700790,大丈夫です、日本のサヨク💙💛は馬鹿なのでロシア側は全て悪と単純にしか考える事が出来ないです。\n日本のサヨクは複雑の事はわかりません,2
1704648872675700790,まあ、アルメニアはロシアの腰ぎんちゃくだったし、ロシアの差し金でカラバフを占領してたから当然認めるわな・・・そして今ご主人様のロシアは占領地制圧に忙しくてアルメニアにかまっていられない。,2
1704413557658656960,正直、こんなに長い期間、こーいう方達がウェイするとは思っておりませんでした（敗北\n\n大き目の揺れ戻しお願いします。,2
1704413557658656960,シラチャさんに一票！,2
1704413557658656960,本当に。どう考えても他国間での政策差由来のことですし、行き過ぎた円安であることは間違いないので、いずれ妥当なラインに戻ると思うのです。であるのに、国力低下に結びつけたがる人が多いのは、昔も見た風景ですね。,2
1704413557658656960,私のは全てポジショントークですので。。。\n\n先がどうにも見えませんが、日本円に換金し続けます🫡\n\n妥当なラインが、ちょっと行き過ぎて頂きたいです（ポジショントーク）,2
1704413557658656960,国内限定→国内企業応援→見返りの税制優遇なら筋が通りそうなのですが、やらないですよね（苦笑\n\n米国株買いが更に、自国通貨安を助長するのは皮肉です。\n\n暫く米国は金利高止まりが続きそうですが、慎重にいきたいと思います🫡,0
1704605222667272518,傑作てす?? ,2
1704605222667272518,父親がエーデルワイスを公然で披露し実は歌が上手く歌う事が好きだったラストは感動しました。しかもナチス党員でナチスの集会で美声を披露しスイスへ一家共々亡命するなんて。,2
1704605222667272518,映像がアルプスのふつくしい風景なのも素敵…🥹,2
1704605222667272518,ですね。\nエーデルワイスはナチのトレードマークでエーデルワイスを歌ってラストの美しい風景で終わるのはナチへと皮肉ですね。,0
1704605222667272518,ドイツ・オーストリアの伝統的な山岳旅団ですからね\nエーデルワイス部隊\nカフカスの未踏の山もいくつか踏破したし軍隊にしてはちょっと変わり種,2
1704645277469249604,ＦＧＯでワンジナとボイジャーが仲良くしているのは微笑ましいけど、ボイジャーは「星の王子さま」的にバオバブ絶許なのではとハラハラさせられる。「フェイト／レクイエム」は最終的にはバオバブ問題に向き合う話だと思うのだけど。,2
1704645277469249604,「フェイト／レクイエム」は、エリセの父が聖杯に「テグジュペリが星の王子さまに託した願いが実現しますように」とでも願った結果、「じゃあ、枢軸国は消滅な。バオバブの木は大きくなる前に摘まないと」みたいな事になったのではないか説。#FGO,2
1704645277469249604,「ワンジナ・ワールドツアー！」が世界各地を飛び回る話なのは、「大きくなる前に摘まれていいバオバブの木なんて、本当はないんだ」みたいな展開になるからかな。世界各地の空想樹を切除してきたカルデアとしては皮肉ですが。#FGO,0
1704645277469249604,「ワンジナ・ワールドツアー！」でクリームヒルトと柳生但馬守宗矩がＰＵされているのも、ふたりが「テグジュペリが目の敵にしていた枢軸国（バオバブの木が生えた国）の英雄だから」なのかもしれない。そのあたりのわだかまりを解消する意味もあるのかな。#FGO,2
1704645277469249604,ラスプーチンがＰＵされているのも、いかにも「諸君は知っているかね。かのテグジュペリは全体主義者を憎悪し、枢軸国を憎悪し、日本を憎悪した。その憎悪を託されたのが、他ならぬ星の王子さまという訳だ」とかエリセあたりに言って愉悦しそうだからか。#FGO,2
1703969026962227497,やっぱり左翼は前からバカだったんだね。こういうの他にもいっぱいあったよ。昔の左翼はインテリだったというのはプロパガンダだ。,2
1703969026962227497,左翼が大好きなヘイトスピーチのニュースだぞ。早よこのヘイトした韓国を叩いてみよ。\n\n道行く男性から「石で打ってやる」激しい暴言…韓国に来た日本ユーチューバー、涙が爆発(中央日報日本語版)\n#Yahooニュース\n,2
1703969026962227497,バカの急先鋒は金子勝もやね。,2
1703969026962227497,共産党が福島の人に対する差別は綺麗な差別という考え方なんだろうな。\n3.11被災地すべてが汚染水呼びした立民、れいわ、社民、共産党を許してはならない。,2
1703969026962227497,今までは、どれだけバカな事を言ってもマスコミや学界にかばってもらえたから、どんどんバカが加速していったんでしょうね。\nまぁ、銀英伝の門閥貴族みたいなもんです。特権階級だったから、どんどん腐ってしまった。,2
1703969026962227497,共産党はこれで良いですよ。共産党が処理水は安全って言ったら、逆にヤバいんじゃないかと思ってしまうかも。,2
1703969026962227497,まともな左の人達ってもう15年前くらいにみんな右に行ってるんじゃないですかね？今の左て残りの頭のおかしな人達のようなw,2
1703969026962227497,共産主義自体が破綻したジャイアン理論であることは成立過程や旧ソ連崩壊の際に立証済み笑\n敢えて言うなら昔の共産党の議員はあくまで彼らなりの筋は通していたと聞く\nそれ故に中曽根さん辺りも人としての敬意を払い応対していたとか\n今の奴らはそういう基本的なことすらわきまえていない,2
1703969026962227497,左翼って笑われるのが一番のダメージですよね。基本的は敵対より嘲笑が効果的（笑）,2
1703969026962227497,福島県を貶めいる共産党っていいのかな？,2
1703969026962227497,無知無教養の集団としか・・・。,2
1703969026962227497,弁護士、医者、教師に多いと思わされてるだけなのか目立つからなのか。\n余談ですが、ガチの共産系の医院には、◯◯診療所という名称が多いのでお気をつけくださいね。,2
1703969026962227497,賢そうに「振る舞っていただけ」なんでしょうね。\n「我々は人類が進むべき方向性の『答え』を持っている」という架空の前提だから、生き残りをかけて必死に、賢そうにセルフブランディングしてきたのかもしれません。\n\nでも、中身がデタラメなので、いずれにしても「映す価値無し」になってしまう。 ,2
1703969026962227497,関係が深い日本学術会議に相談しなかったのかね（棒）,2
1703969026962227497,「豊洲の水は強アルカリです」\n「私たちは強酸（共産）です」,2
1703969026962227497,共産党って\n低学歴低収入な底辺奴隷戦闘員が働き暴れ\n一部の高学歴共産党支配層に貢ぐ組織だし\n\n底辺バカしかいないんすわ、臭いし,2
1703969026962227497,,2
1703969026962227497,&gt;やっぱり左翼は前からバカだったんだね\n\n今の日本で「左翼」とか言ってる時点でまず馬鹿確定。\n\n今すぐ病院行ってお薬もらいましょう。\n気休めにしかならんかもだがｗ,2
1703969026962227497,深耕密植,2
1703969026962227497,プロパガンダが過去形って・・\nなんて惨めなんだろう,2
1703969026962227497,さんざん反対していた豊洲で今頃は寿司食べてる気がする。,2
1703969026962227497,指摘が可視化されてこなかっただけかと。,2
1703969026962227497,昔のサヨクはインテリでした。でも社会性は破綻していた。だから大学とマスコミにしか就職できなかった。\nその拡大再生産は今も続いています。\n信者を対象とした説明には科学は不要だしね。,2
1703969026962227497,上念さんのコメント見て、サンモニのコメンテーターを゙思い出した。,2
1703969026962227497,インターネット上のSNSが一般化する前はマスコミが擁護し拡散していたので多くの人が騙されて来たんでしょうね\n「新聞が書くんだから本当だろう」とか\n「皆んながそう思っているのだろう」とか\n土井ブームとか日本新党とか民主党とか、私も例外では無かった,2
1703969026962227497,ソ連や中国に傾倒し、暴力革命を目指してた時点で、インテリではなかったのでは？,2
1703969026962227497,彼等は「思想的」に正しければ「すべてよし」と考えてるんだよ。きっと。,2
1703969026962227497,私は左翼の大先生方に比べれば年端もいかない40代の小僧ですが、左翼がインテリだと感じたことは人生でただの一度もありませんね\nバカのくせに自分を賢そうに見せる策にだけ長けた連中だと考えています,2
1703969026962227497,処理水は安全ですか？安全ではないですか？\nが明確に言えない共産党。\n\nその質問すると漁業組合らの理解を得られていないとか的外れな回答。,2
1703969026962227497,理科の実験レベルで自慢する左翼,2
1703969026962227497,＞左翼はインテリ\n\n朝日岩波進歩的文化人の箔が欲しくて、芸人は左翼に走る。最近はナントカ談四楼、ラサール某、村本某とか。,2
1703969026962227497,昔の社会党の石橋書記長はぱっと見インテリの雰囲気を出していたが、その流れを組む政党の女性党首&amp;副党首は全然匂わない。,2
1703969026962227497,貴方がな。,2
1703969026962227497,じゃあ今風に「パヨク」ならいかがですか(笑),2
1703969026962227497,今の反日馬鹿左翼は低所得者、低学歴と決まっていますね。,2
1703969026962227497,昔の左翼もバカやったかもしれん、が、バカなりに国を憂いてた気はする。\n今は目も当てられんw,2
1703969026962227497,バカはサヨクの専売特許,2
1703969026962227497,この人達は庶民の味方じゃ無かったね～。,2
1703969026962227497,土木屋ですが、アルカリ性だから毒だって騒いでいるなら、セメントに代わる資材を開発しなければいけない(ｰｰ;),2
1703969026962227497,科学的、論理的な思考のできる人はそもそも左翼にならないです,2
1703969026962227497,では反日馬鹿左翼。,2
1703969026962227497,白虎とか威勢のいい名前なのに、名前だけかっこいいよ？あとは0点\n残念すぎてサヨクの恥をさらに上塗りしないでくれよ。スターリン泣いてるぞ？\n\nちゃんと反論しろよ…\nお前のかーちゃんデベソ！みたいな泣きべそかくなよ、反論にすらなってないやないか！でも面白いから記念に撮っとく。,2
1703969026962227497,民主主義\n理解力、読解力の無いバカ‼️,2
1703969026962227497,懐かしい。,2
1703969026962227497,森友学園を問題化したのも共産党だった。,2
1703969026962227497,目覚めた人たちさ。笑,2
1703969026962227497,科学が理解できれば共産党などに入党しないわ🤷‍♀️🤷🏽‍♂️🤷🏽だって計算上共産主義は成り立たないもの⁉️,2
1703969026962227497,昔の左翼はファッション感覚でやってましたが、今やその面影は微塵とも感じませんね。,2
1703969026962227497,そもそも根っこの部分がなんちゃって理論ですからね…,2
1703969026962227497,ネトウヨは汚染水😃,2
1703969026962227497,いやー…コンクリに溜まった水がアルカリ性なのは当たり前なんですけどね…。,2
1703969026962227497,”共産主義的科学“ですね。\n昔のロシアのように。\n科学というものはあくまでも“共産主義”という”崇高な“目的達成のために役立てるものです。,2
1703969026962227497,味の素が危険物質だって言っている人たちとほぼ同じ人種そう,2
1703969026962227497,この人達が言っていることは、ちょっと知識があれば嘘だと分かることですね。,2
1703969026962227497,生まれ変わって、人生やり直した方がいいぞ！,2
1703969026962227497,そーいえば、豊洲の妨害しまくったのは共産党だったね\n\n早く消えてくれんかな？「強酸」党,2
1703969026962227497,でも、もうちょいエンターテイナーでもあった。映画では、山本薩夫とか大島渚とか、今の左翼はポレポレ東中野か新文芸座が関の山。,2
1703969026962227497,&gt;今の日本で「左翼」とか言ってる時点でまず馬鹿確定。\n\nこれの根拠は？\nまさか「勉強しろ」なんて左翼お決まりの逃げ台詞なんて吐かないよね？\n何故馬鹿確定なのか根拠を示してください。,2
1703969026962227497,左翼って、異常に自己評価の高い、議論の出来ない思い込み野郎だよね‼️\nこんな素晴らしい、思想に気が付いてしまった、自分って凄く優秀💪優秀な自分が愚民を指導してやろうって😰😰😰,2
1703969026962227497,極左なら良いのかな🤣,2
1703969026962227497,むしろインテリがバカなのかもしれないですねw,2
1703969026962227497,証拠隠蔽する、朝鮮カルトと連む独裁政権化を信用する様にプロパガンダになっている所が、皮肉ですね。\n\n世界の資本主義経済は、\n基軸通貨ドル経済に合わせ最低賃金上昇率を打ち出し、通貨価値デノミと共にGDP上昇率への王道回帰しているのに、否定するカルト団体を信用して。\n消費税も然りだな。,0
1703969026962227497,pHは中和滴定で測定してね、お左翼おじいちゃん。,2
1704500930119418158,??最も不名誉な賞????\n欲しいかこんなの??\nいかに多くの日本人が、危険なワクチンを打たされ、また今も更に打とうとしている愚行の象徴??\n\n【首相、ゲイツ氏らの財団から受賞　「保健分野でリーダーシップ」】\n\n「持続可能な開発目標」（SDGs）の達成に貢献した人物に与える賞,2
1704500930119418158,キルゲイツの子分になったから\n首相のポストに就いたんですよね🤔\n途中で1.0から2.0になったのそのせいでしょうか？\n本物はいづこへ？,2
1704500930119418158,確かに！子分もいいとこですよね。\nこんな賞を受賞して、これはイコール日本の終りってことだと思います😫,2
1704500930119418158,恥ずべき。\n#キッシー(@kishida230),2
1704500930119418158,本人も自民も瀬戸際崖っぷち\n持続可能とかめっちゃ皮肉です😂,0
1704500930119418158,恥ずかしすぎる😨,2
1704500930119418158,「新型コロナウイルス対策での日本政府のこれまでの貢献が評価された」\n未だにやってて、何なんだろう😠😠😠,2
1704500930119418158,キルゲイツ治験賞に喜ぶ\nポチダゴミオくん,2
1704500930119418158,如何に家畜的、国の指導者かの証明書\n💉で、国民を世界一564た男です。\nまだまだ、564ますよ。\n赤ん坊も犠牲になります。,2
1704500930119418158,日本人を絶滅させたい側からしたら岸田はもっとも都合がいいでしょうね？\nブタもおだてりゃ木にのぼる、みたいな感じで持ち上げたらその気になって何でもいう事を聞く。\nというかこんな賞もらっても世界の恥\nもしかしたらCIA工作員ですかね？\n😩,2
1704500930119418158,岸田文雄はなんだって、欲しいんだよ。\n欲の塊りだな。,2
1704500930119418158,ですね😑,2
1704500930119418158,欲どおしい顔してますからね‼️,2
1704500930119418158,売国奴‼️日本人ではないんでしょうね。\n\n一体いつになったら平和になるんでしょう😫,2
1704500930119418158,平和を勝ち取る迄、絶対に諦めないで頑張りましょう！,2
1704500930119418158,国家反逆罪に問える位だと思います。,2
1704500930119418158,いや、ホント情け無いやら頭に来るやらですね。\n\n工作員が首相って。。😫,2
1704500930119418158,ですね。\nこれからも宜しくお願いします❣️,2
1704500930119418158,まだまだ国民を不安にさせて💉打たせようとしてますしね！,2
1704500930119418158,誇れる賞ではないですね😫,2
1704500930119418158,こちらこそ、よろしくお願いします🙇‍♀️,2
1704898415640101182,古いタイ????CMで日本でも有名ですが、個人的にコレ好きなんですよね！\nふと宮澤賢治の「雨ニモマケズ」を思い出したりします。\n多くを求めないで、自分の見える範囲で出来ることをするという事。\n私自身全くできていないので.. \nだから心に響くのかもしれません?? ,2
1704898415640101182,偉くなったら\n成功したら\n\n助けたい…じゃないんですよね\n\n今、困っていて\n今、出来る範囲ででも分かち合うから\n意味がある😉,2
1704898415640101182,これも目一杯泣きました😭\nただただ、相手が笑った顔、喜ぶ顔を見るのが幸せだったりすると知らない人もおりますものね。,2
1704898415640101182,「お金で買えないもの」を貰うためにたくさんお金なり物を消費しなきゃいけないのは皮肉だよな,0
1704898415640101182,私もこのCM見る度に、\n50Bと100Bと迷って100B渡すところと、\n向こう側から女の子が走ってくる場面で、\n毎回声出して泣いてしまいます。\n良いCMです🥲,2
1704898415640101182,貧乏だけど心まで貧しくなりたくない。,2
1704973895999312152,おはよー！\n\nX有料化でblueskyへの登録が過去最高になったみたいね\nあっちは本当に平和だけどこっちも仲良いフォロワーさんいるから捨てられない…,2
1704973895999312152,おはようございます🎀,2
1704973895999312152,おはよう❕,2
1704973895999312152,おはようー！,2
1704973895999312152,おはよー,2
1704973895999312152,おはよ〜,2
1704973895999312152,おはようございます！✨,2
1704973895999312152,おはリサ〜🎶,2
1704973895999312152,ねむさんおはようございます！このXが腐っていく事でBlue skyの人が増えていくなんて皮肉だよね( ´.  ̫ .` ),0
1704902579271164218,個人的にはホグワーツレガシーをめっちゃ評価してます。RPGでしかもシリーズ続編とかではないのにあんなに売れるなんて。スクエニにもああいうゲームを作れるポテンシャルはあるはずなので頑張って欲しいなあ。株価的にも。,2
1704902579271164218,スクエニはRPGでは売上に限界があるとしてFF16でアクション寄りに舵を切ったけど、今年世界的に売れて評価されてるゲームがホグワーツレガシーやバルダーズゲート３みたいなコテコテのRPGだったのは皮肉だよなあ。,0
1704845334818718095,サラさんのインタビュー読んだがアジアでの箱ユーザーやゲームパス加入者が四倍にも膨れ上がってるんだな\nこんだけ絶好調なのにゲームパスは失敗?赤字?撤退?とか妄想で盛り上がってる箱アンチ達www\n現実を見ようよ？??,2
1704845334818718095,撤退してんだったらよぅ、私白箱買わねえよぉ、でも皮肉だよなぁ箱買うとき売ってなかったXが今店に置いてんだよ、お前はSを買いなさいと神様の思し召しだな、しかしチョニーはファーストと独占ＦＦだけになったよね。,0
1704845334818718095,しかもヤツらは「任天堂を買収しようとして未遂に終わったざまあ」とか「任天堂をカネの力にものを言わせて買おうなんて上から目線過ぎる」とか、もうそういうことでしか叩けないんだよね。ゲームパスがすごすぎてｗ,2
1704845334818718095,ちゃんと原文読んだ人は流石フィルは業界全体を考えてると感心してましたよ\n妄想と願望でひたすら叩く事しか出来ないルサンチマン共は哀れですねw,2
1704699531731128543,カメラマンの命ともいえる形見を最後に??に抱えさせた??だけど、??が??のカメラを見てもその中で??が映っている写真はほぼ無いに等しいんだよね......と考えて 私は,2
1704699531731128543,壊れかけの配信用PCでしかキラキラした顔で映る📸が見れないの、一体全体どんな皮肉だよ......とも思いますが,0
1718199605219987641,自分猫派です。猫の良さ語り合いましょう\n猫は最高に暖かいです\n猫カフェでは何もせずともすり寄ってきて滅茶苦茶かわいい\nでも猫アレルギーなんですよね、、、,0
