conversation_id,text,label
1704973104152523012,おにまいコラボカフェｗ
1704973104152523012,それは24日のお楽しみ??
1704973104152523012,注文特典のカードあるから、可能なら行けるだけ行っておいて損はない、コラボカフェｗ
1704973104152523012,今の時間はやってるとこ少ないですからね。自分がバスで来たときは秋葉にある(少し歩く)銭湯行ったりネカフェで時間まで休んだりマック行ったりしてました
1704973104152523012,自分もさっきマック行ってきました??銭湯いいですね、夜行バスでバキバキになったからだを癒しに行こう…。
1704973104152523012,予約してないけど行けるか…？
1704973104152523012,空きがあれば入れてくれるようだ、待つの前提だがｗ
1704973104152523012,なかなかキツそう??
1704973104152523012,??
1704973104152523012,行きたいところがありませんか
1704973104152523012,そうですね、パチンk…ｹﾞﾌﾝｹﾞﾌﾝ(^q^)\nゲーセンでも行こうかしら
1704973104152523012,財布崩壊??????
1704973104152523012,ひもじくなる??
1704973104152523012,浅草とか行けば？
1704973104152523012,浅草って何かある？
1704973104152523012,美味しいもの
1704973104152523012,美味しいものかぁ。何があるかな
1704973104152523012,ググれ
1704973104152523012,( ???)パァ
1704973104152523012,今どこいるの？
1704973104152523012,まだアキバ
1704973104152523012,渋谷とか原宿に行ってみたら？\n楽しいよきっと
1704973104152523012,いってみるわ
1704973104152523012,新宿行けばじょかさんに会えるよ?
1704973104152523012,町田も楽しいよ??
1704973104152523012,皮肉ですか^ ^
1704495699931357338,バーサーカー、ちょっとほっとくと謎の税法解釈で勝手に要件から外れるor外れそうなことするので、ホンマにはよパージしたい。
1704495699931357338,税法解釈って、解釈できるような理性があるんです？
1704495699931357338,その理性が無いので自分の都合の良いように解釈するんですね。
1704495699931357338,前の職場のバーサー課長まんまやないですかw
1704495699931357338,会社法とか、公益認定法等でもそうでしたけど、解釈したいなら学者とかアカデミックな道にお進みください。無資格かつ知識もなく法文の読み方も理解されてないのに解釈をされても困ります。\nというのが法卒の人間からの皮肉です。
1704722893014438019,生きてるうちに一度は見てみたい\n「WBCの組み合わせ抽選会」,2
1704722893014438019,・ドミニカ\n・キューバ\n・ベネズエラ\nとのガチの死の組とかみたいですね。,2
1704722893014438019,そうそう\n1次ラウンドでそれが見たいんですよ\n会場もメキシコとかプエルトリコとかベネゼエラとかで,1
1704722893014438019,どうせ後で日本やアメリカ有利に組み替えられるから無意味だけども。,2
1704722893014438019,それめっちゃ見たいです！\n世界一親日の台湾でさえ完全アウェイ扱いしてた球界が本物のアウェイでどこまで戦えるかとかね,2
1704722893014438019,ガッツリ時差があって\n日本食なんか逆立ちしても出てこないような辺境での試合が見たいんですよ・・,1
1704722893014438019,今年1番笑わせて頂きましたwww\n最高の皮肉ですねwww,2
1704722893014438019,タトゥーだらけのいかつい連中が発煙筒炊きまくったりとか360度髭モジャの白装束の男達がお経を拡声器で歌いながらの中での試合とかですね笑,2
1704722893014438019,そうそう\nそれそれ\n(ただしお客さんの熱量が皆無で、残飯漁りに来たカモメばかり目立つって可能性も),2
1705069051910013253,人の遺伝子や才能、信用度などで格付けされ続ける近未来でA判定をもらい続けてた人が転生先の異世界でステータス全部Fになってしまい人は評価システムで測れないことを証明していく話,1
1705069051910013253,5年くらい前の漫画にありそう,2
1705069051910013253,面白そうではあるものの　どうやって証明するのが難しそうではある,2
1705069051910013253,努力論と自己責任論で異世界人をバチボコにします,1
1705069051910013253,よくある展開ですね\n判定機能の説得力が死ぬからあまり好きじゃないんですよね・・・,2
1705069051910013253,高度な皮肉です,2
1705069051910013253,ようはやってる事ってステータスオープンからのハズレ職　ハズレスキルですからね\n努力ではどうにもできない事を努力で解決するからおかしな事になるんですよね・・・,2
1705069051910013253,ハズレスキルもハズレ職もないです\nこれはあくまでステータスで評価されていない努力遺伝子を持ってる主人公というだけなので,2
1705069051910013253,それでもFをひっくり返すのはちょっと無理があるかな・・・と,2
1705023140013953103,なんで中古グッズを元より高い値段で売ろうとするんですかw,1
1705023140013953103,多分自分の手垢に価値を感じてるのよ,1
1705023140013953103,価値観は人それぞれだもんな,1
1705023140013953103,個人的には価値が上がってる物などは安く出すど転売ヤーに買われるからってのとメルカリだと販売手数料や送料とかで20％割増は理解出来る範疇\n常識人ならサインとか価値が高い物を手放す場合は知り合いに定価＋α程度で譲るからメルカリに出ない,2
1705023140013953103,いやわかってる……あくまで皮肉です……,2
1704661739713995202,「イギリスでは大人は甘いパンを食べない」\n\n日本はジェンダー平等についてイギリスと比べて「40年遅れて」いる、と抜かした大使様だもんで、こーいうセリフも「またか」と感じられてまうな（苦笑,1
1704661739713995202,イギリスってそもそも食べ物を食べてたっけ？,2
1704661739713995202,ベジマイトは豪州じゃなかった? 本家はマーマイト,2
1704661739713995202,そうかも。どっちにしてもアレ食べてる時点で甘いパンを否定することを誇るのはいかがなものかと,2
1704661739713995202,地元でも販売してほしい。,2
1704661739713995202,イギリスに甘いパンがあるんですかねぇ（ﾆﾁｬｧ）,2
1704661739713995202,イギリスは食文化破壊により他国産メニューか食卓に置いてから自分で好きに味付けする文化に変わったからな。,2
1704661739713995202,これ単に、大人はあんまり甘い物食べないんだよね?位の話なんじゃない？知らんけど。,2
1704661739713995202,「イギリスでは大人は甘いパンを食べない」X、「イギリスではまともな甘いパンが無い」〇、だと思うのですが…あいつらの味覚センス考えるとｗｗｗ,2
1704661739713995202,何が悪いんだ…?,2
1704661739713995202,むしろイギリスって甘いパン作れるのかな\nパンにぶつ切りのうなぎ入れたりしないのかな,2
1704661739713995202,日本人はうまいもん食べるためならプライドや命を捨てるのも厭わない民族なのでね。そんなしょうもないプライドを捨てきれない向こうの方が子供っぽい。,2
1704661739713995202,森喜朗が「女は話が長い」と失言した時も、LGBT法案成立の時も、欧米西側各国の大使館が「白人の責務」よろしく日本政府、日本人に指導したよね。,2
1704661739713995202,40年遅れてるのは事実,2
1704661739713995202,美味しい料理も食べないんですよね？(偏見です
1704661739713995202,嫌味とかじゃなくて単に自国民の傾向を発言しただけなんじゃないんですかね...
1704661739713995202,有難うございます??
1704661739713995202,男女平等の方のジェンダーはどうか知らないけれど、トランスの方はこれですわ。こんな未来いらないよ。\nhttps://t.co/qaYtLH43vb
1704661739713995202,その後の「こういったパンが広まっているのはいいことですね」を見るに馬鹿にしてるってわけでもないでしょ？\nちょっと外国コンプレックス拗らせちゃってない？
1704661739713995202,政治的・歴史的に日本は長らく米英の傀儡で奴隷なんだから、礼節を以て接する必要は無い。\n宗主国の対応として至極真っ当。\n\n自分達が奴隷である事を認識出来ない馬鹿なジャップ（ゆうけんしゃ）が悪い。
1704661739713995202,英国大使「イギリスには甘くて美味しいパンがない」
1704661739713995202,イギリスには美味いパン屋は無いから大人は食べられないって訳せよ
1704661739713995202,"＞「イギリスでは大人は甘いパンを食べない」\n\n昔、イギリスの料理人であるジェイミー・オリヴァー氏の番組を観てたのもあり、『イギリスでの食生活を考えたら""子供の頃からの偏食で舌が肥えずじまいで大人になった頃にはその改善が手遅れに""との悪循環に陥っているからなんだろう』と思いました。??"
1704661739713995202,欧米にかぶれるまで日本はお茶を甘くして飲むなんて習慣はなかったんですよ
1704661739713995202,「これが我が国のナショナルローフです」
1704661739713995202,そもそも、「美味い食事がない」のでは？
1704661739713995202,関西人が会話でもオチを意識して話すのと同じく、イギリス人は皮肉を言わないと死んでしまう病気ですからね。
1704661739713995202,スコーンとパン、クッキーを同一視すると戦争になるぞ
1704661739713995202,ケーキかビスケットかで税金が変わった国なので
1704661739713995202,いやいやこれはイギリス料理の問題では\nイギリスには大人が食べて美味しいと思えるほどの\n美味しい甘いパンが無いんだよ…可哀想だよ…
1704661739713995202,いや別に嫌味とかじゃなくて、うち(イギリス)はそういう文化だよってだけじゃない？
1704661739713995202,シャ！スコーンもーらい！
1704661739713995202,メシマズ大国の人に食い物のことを言われてもなぁ
1704661739713995202,まあパンって向こうの人からすると米みたいなもんですからねw\n甘いコメを食べる人が来たらこういうコメントをするのもなんとなくわかりますw
1704661739713995202,「食べてるんだけど」という証言がまた一つ\nhttps://t.co/2wR9VfGpTk
1704661739713995202,さすがブリカス。皮肉めいた発言をしないと、逆に口が曲がるんだろう。
1704661739713995202,・まず、海外ではふわふわしたパンはない（ぼそぼそしたパン）\n・海外のパンは美味しくない（米で言うなら玄米）\n・海外の甘いパンはクソ甘いので大人は食べれない
1704661739713995202,＞「イギリスでは大人は甘いパンを食べない」\n朝食でも午後の茶席でも甘いパンやスコーンは、幾度かご一緒させて頂きましたが…アレはお客様をもてなす為の味だったという事？
1704661739713995202,甘いマーガリンが挟んでいない、山型食パン(写真右側)もトースト美味しいよ。
1704661739713995202,まあこれがイギリスですから、見守ってるといいです
1704661739713995202,「イギリスとはイングランドのみ」っていう考えだったのかもしれんなー。\nしっかし、大使ともあろう人がそれでええんか、という\nhttps://t.co/eUXEdDeAS5
1704661739713995202,おはぎありますやん。
1704661739713995202,美味しいもの知らんだけでは？
1704661739713995202,おはぎもそうだし桜餅もそうだな\n少なくとも京都では\nきな粉もちも甘いよな
1704661739713995202,記事を読む限りでは交流に微笑ましく思いました。大使の「40年遅れてる」発言には反論したい部分もありましたが、今回の「イギリスでは大人は甘いパンは食べない」は、あちらではケーキを食べるのが習慣だからだと思うのですが。
1704661739713995202,食い物に関してイギリス人にだけはあれこれ言われたくないですわ。
1704661739713995202,これの会社かな？ https://t.co/KDuMSaBFJR
1704661739713995202,フランスにも甘いパンのジャンルはありますが、日本のようにふわふわではなくしっかりとした生地でサクサク、カリカリした感じですね。あと種類が少ない。
1704661739713995202,飯が不味い国が味付けに文句いったところでなぁ・・・
1704661739713995202,「でもおマエの国の食いもんまずいじゃん」で粉砕される話
1704661739713995202,処理水の排出は日本経済にどのような影響を与えるのでしょうか？どの株式に注目すべきでしょうか?どのような準備が必要ですか?一緒に山崎養世先生のアドバイスを聞いて、投資の道でさらに前進していきましょう！ \nこれは先生のLINEです、https://t.co/6vFaQaymUz
1704661739713995202,この大使から「私たちともっと仲良くしたければ日本は死刑制度をやめるべきだ」と言われたという政府関係者も。
1704661739713995202,世界で一番店舗数の多い飲食店であるサブウェイで提供されているサンドイッチのパンは砂糖の使用量が多いという理由によりアイルランド????では主食認定されなかった、とかなんとか。\n\nhttps://t.co/AFEM9cqxtu
1704661739713995202,食べてるんだけど、という証言がでてくるわでてくるわ…\nhttps://t.co/UO0Q6eZZan
1704661739713995202,彼女が食べないだけなのでしょう。イギリス人はを主語にするのは、立場を考慮すると、アウトな発言に思えますね。
1704661739713995202,大人と子供の場合「ジェンダー」は無関係だろw
1704661739713995202,世代対立煽ってる連中に同調してるクセに、「世代」の違いに文句言うってどこまでアホなのかという感想しか無いw
1704661739713995202,甘いパンも作っている事を知って言ってるんだろうか？\n甘いパンを食べる日本人を貶したのか？
1704661739713995202,そもそもメシがクソまずい国から来た奴に言われてもねえ。
1704661739713995202,昔短期留学でロンドンに滞在した事ありますが、焼いた食パンにブラックカラント(黒すぐり)の甘いジャム付けて普通に食べてましたよw\n滞在期間を延長したので、ホームステイ先を幾つか変えましたが、どこの家庭でも似たような感じでした。イングランドでも甘いパン食べると思います??
1704661739713995202,もち
1704661739713995202,おやぁ？こういうのって、「多様性に乏しい」とか言うんじゃないんですか？こういう人達。
1704661739713995202,イギリスに食べ物の話しされたくない
1704661739713995202,鬼畜米英＋以はキザったらしい輩が鼻に付く。\nカッコイイわけでもない癖にナルシシズムを丸出しにしやがるところがまた「豆腐の角に頭ぶつけて死ね！」という台詞が相応しい人種だ。\nこの世から絶滅させる必要がある。
1704661739713995202,わざわざ酷評をする為に訪問したんだろか？
1704661739713995202,おはぎ界隈の皆様すみませんでしたw
1704661739713995202,イギリスのパンは、フランスのパンに比べて400年遅れている　味の面で
1704661739713995202,周回遅れなコトに気付いていない…
1704661739713995202,嫌味と皮肉は世界一ですからwww
1704661739713995202,イギリスって飯がまずいで有名な癖に食事に関しては、上からもの語れる立場ではないやろと…
1704661739713995202,かな小童は血、た、た、筒な筒な
1704661739713995202,このババアの感性があまりにも古いだけなのに正論ぶってんの恥ずかしすぎる
1704661739713995202,うるせぇ黙れ。\n\nナショナルローフのトーストサンドイッチを口ん中突っ込んでやろうか (  ? ?  ? ??)
1704661739713995202,強い
1704661739713995202,フィッシュ&amp;チップスとハギスしか有名料理ないイギリスに料理のこと言われてもなんにも悔しくないわ。言わせておけばいい。
1704661739713995202,歴史を考えたら当たり前なんだけどね\n向こうじゃ飯だけど、こっちじゃアンパンから広まったんだから甘いことこそマストなのよね。
1704661739713995202,ほ?ん…\n\nで ？ だ か ら 何 ？\n\n美 味 し け り ゃ そ れ で い い じ ゃ ん\n\nと思ったヒョロガリです()
1704661739713995202,ジャムとか塗ってましたけど、、、、、
1704661739713995202,メシマズの国が何か？と返しておこう。
1704661739713995202,甘いパンは、先に食べない。パンを甘くしたら、デザート感覚で後に食べます。\n\nイギリスのマナー研修でやってましたね。
1704661739713995202,流石ブリカスの大使w\n\n悪意なく他者を貶めるムーブは大航海時代から変わらぬ貴国の姿勢ですな
1704661739713995202,日本も核を持つべきですね。\nボタンに指をかけながら「誠に遺憾だ」と言えば震え上がるでしょう
1704661739713995202,把瑠都だか琴欧洲が日本の食生活で何がキツかったか聞かれたところ、「ご飯にしょっぱいものを合わせるのがキツかった」って答えたという話を聞いたことがある
1704661739713995202,だから「え？イギリスって食い物あるの！？」って揶揄されるんだろうねっd(&gt;ω&lt;｡)
1704661739713995202,違いないw
1704661739713995202,ジャニーの件で追いついたんじゃないかな,1
1704661739713995202,食べないんじゃなく発想すらないセンスだから劣等感で嫌味を言うしか出来ないんだろう。
1704661739713995202,おはぎはもち米（うるち米）だから(^-^\nそこは普通に白米にバター乗せて（コレは有り、バターの塩気が食欲をそそる逸品）に更にグラニュー糖をこってりまぶして食べる感じかしら
1704661739713995202,男が男にだから？
1704661739713995202,肯定的に見える\n\n試食の際には「イギリスでは大人は甘いパンを食べない」「こういったパンが広まっているのはいいことですね」と感想を述べたそうだ。
1704661739713995202,閉鎖的なコミュニティで多くの少年少女を性の犠牲にしてきたイギリス様に、ジャニーの件が噂ではなく広く明るみになった今、日本も追いついたのではないか？\nという皮肉です
1704661739713995202,なんだろう、「なんで？」って返ってきたら答えを言うつもりが察しのいい諸賢は言わなくても分かっちまってるようだな
1704661739713995202,イギリスはいまだに階級差きつい国だし、ミドル以上は甘いパン食べなくて、そこを分母にしちゃってるんじゃないの？\n多数を占める労働者階級や移民たちは甘いパン食べてるよきっと
1704661739713995202,男尊女卑ですよ日本は
1704661739713995202,息を吐くように人種差別するエゲレスですよ？なにマジに対応してるのやら??\n子供が俺最強！と言っているのと何ら変わりないのに
1704661739713995202,菓子パン自体は日本がやたら発展してるのは確か。でもそもそもジェンダー進めすぎて自分の国の首絞めてる連中にどうのこうの言われたくない
1704661739713995202,イギリスでは(正常な)大人はマンガやアニメは観ない。\n日本は いい歳した大人がアニメやマンガを見ている。しかも小児性愛の狂った内容だ。\n\nと、イギリス人に言われたら？
1704661739713995202,ご飯にふりかけかけて食うような感覚なのかもｗ
1704661739713995202,ふと思い出されるこのシーン。\n#闇金ウシジマくん\n#まいたん
1704661739713995202,ロンドンで泊まった時、安宿でも朝食のトーストにはイチゴジャムかマーマレードもついてきたんですけど…？\n今日日のロンドンっていろんな国の食べ物屋さんがあるから、甘いチョコデニッシュとかチョコクロワッサンもあるのに…??って。
1704910592539242975,1970年を下回るって、世界がブルブルした奇跡の高度成長をふいにしたみたいだな。凄いことなってきました。
1704910592539242975,円安の恩恵をロンドンで享受しています(皮肉です)。,1
1704910592539242975,円安もそうですが、すごく気になってるのは円の値動き。\n最近は安止まりしてますがここ数ヶ月くらい1日で1円以上円ドルが動く日が普通に何日も続いたんですよね。\nこれ弱い通貨の値動きにしか見えなくて。
1704910592539242975,過去の栄光ですね?? せっかく世界をブルブルさせたのに???? これからはHentaiJapanでブルブルさせるしかないのか(違)
1704910592539242975,どうやったら、ここまで没落できるのか
1704910592539242975,仕方がないやん\nハイテク化・多民族化・改良人間化した\n１９６０年代の日本に戻るんじゃね
1704910592539242975,20世紀少年、小学校からやり直し
1704910592539242975,高度成長の逆をやってます
1704910592539242975,安倍さん、日本を取り戻せましたね！
1704910592539242975,実感として、そんなもんでしょう。
1704910592539242975,みなさん大好きA倍様のお陰・・・。??
1704910592539242975,やはり安倍は日本を破壊することにおいては天才的だったということだ、さすがに統一教会が見込んだだけのことはある。
1704910592539242975,日本オワタ＼(^o^)／\n\nもう浸水して、\n足元まで海水が来ていて、\n沈没しつつある船に乗ってる気分やわ??
1704910592539242975,その通りですね、過去の蓄積があった150兆円(日本の税収3年分)も安倍・岸田でバラ撒かれてしまい、少子化で人口減少、国連総会の岸田演説ガラガラ空席を言うマスコミは1社も無く、第二次世界大戦の大本営発表と同じ状態??\n今はガダルカナルの大勝利から転戦するあたり。
1704910592539242975,史上稀に見る経済愚策であるアベノミクスの結果です。その責任は安倍政権を支持した国民にあります。国民が自ら貧乏国に転落する道を選んだのです。
1704910592539242975,1人のカルト独裁者(しかし国民有権者は自ら選んだ…??)にここまで国家社会を変えられてしまう、という全く経験したくない歴史的事例を痛切に実感します\nこれを取り戻すのにまた30年、と単純にもいかないでしょうし、本当に人の一生は政治社会に振り回されてしまうものですね…主権者の自覚責任は甚大??
1704910592539242975,今朝のNHK、GDPの伸び率が過去最大とか、岸田の政見をそのまま放送してた。岸田、危機感なさそう。
1704910592539242975,「円安なのに貿易赤字？」というツイートがあった。\nそもそも輸出はGDPの14-15%で日本は内需の国。\nトヨタの話題でメディアも「日本は輸出大国」と刷り込まれてるだけ。\n自国通貨が安い事で良いことなどない。\nインバウンドが多少増えたところで、国力は落ちるだけ。
1704910592539242975,今の日本が最悪なのは、こういう失策があっても、例えば「円安は良いことだ」とか「海外は◯◯だ」「批判をしている人間が悪い」など、失敗を認めずに、誤魔化し論法（隠蔽）を使うこと。\n御用達の言論人含めて。\nこれはブラック企業や万年最下位の体質と同じだから、沈没するだけです。
1704910592539242975,現実をどうぞｗ https://t.co/vpKLwEfxyx
1704910592539242975,憲法９条が世界での輝き　と　日本経済の世界での輝き　が比例していた。\nhttps://t.co/JMhLvYU9Wj
1704910592539242975,1ドル360円を下回った…\n昭和日本を知らない世代には良い経験かも…\n体験しないと分からないからね
1704910592539242975,結局グローバルスタンダードとやらで世界と同じことやってたら英語をベースに持っていない非効率さや少子高齢とかの人口ハンデでそれなりの国力に落ち着くってだけですね
1704910592539242975,https://t.co/Y311DJPti4
1704910592539242975,経済戦争に国破れて山河メチャクチャ…??????
1704910592539242975,これで輸出企業がバブル並みの好景気で盛り上がってるかというと、そんなことはないわけで、現状円安は害しかないですね。
1704910592539242975,一気に終戦直後？戦中？戦前？まで逆戻りですか？！\nさすがは、#大日本反社カルト自民党政権????????
1704910592539242975,1970年といえば大阪万博の年。\n日本は戦後復興を果たし、益々発展するという希望に溢れた時代でした。\nあれから半世紀。\n愚昧な政権が続き、特に小泉以降、日本はおかしくなったと思います。\nさらに安倍・菅・岸田は、やること為すこと全て逆様。\n先人が積み上げた遺産を食いつぶしてしまいました。
1704910592539242975,これでも多くの日本人は民主主義で平和で、\n今まで通りで、いろいろと信じている者が多い。\nとても不思議で仕方ない。
1704910592539242975,最近は日本から「出稼ぎ」や「移住」でなく「脱出」という表現に変わってきたという話しも職場の同僚から聞きました。\n\n本当に凄いことになってきましたね。
1704910592539242975,因果応報の歴史\n\n円の実力を作ったのは、1980年代の団塊の世代(戦後の1947年（昭和22年）4月2日?1950年（昭和25年）4月1日[2]に生まれ)\n\n就職氷河期を強いたのは1990年代に親になった団塊の世代、犠牲は子供の団塊ジュニア世代\n\n円を没落させているのも令和時代に後期高齢者になった団塊の世代
1704910592539242975,カルト通貨アベコイン
1704910592539242975,晋のお父様
1704910592539242975,あの頃の勢いを失速させたのは誰か？
1704910592539242975,安倍政権で、ここまで落ちたとしか思えないよねーー？この後どうすんの？ばら撒く貯金なくなったら、侵略されて、国がなくなりそう？
1704910592539242975,国民有識者は自ら選んだと言いますが直接はえらべてないという()
1704910592539242975,中国、韓国と合わせて東亜の冬とか言われそう
1704910592539242975,そして円高になれば輸出ガーと…\n無敵だな！
1704910592539242975,「気分はもう戦争」を地で行ってますね。
1704910592539242975,物価が上がるはずだよ
1704910592539242975,私たちの祖父母と父母の世代が、加害者としても、被害者としても、あの酷い経験をした戦争を何とか乗り越えて、この平和の礎を築いてくれたのに、私たちの世代が全部、食い潰すどころか、時代を逆行させ、後進衰退国にまで貶めて仕舞いました。私たち自身が過ちを認める所から始めないといけません。
1704910592539242975,今　私達は歴史的瞬間に生きてますね（最悪の意味で）\n\nしかもメディアは知らんぷり　\n\n大多数の人々は 何がおきているのか知る由もなし　この恐怖??
1704910592539242975,最安値やから\n岸田がばんばん海外にばら撒いても\n僕らの痛み以上に感謝されないのか。
1704910592539242975,弱いですもん
1704910592539242975,焼け野原までいくのか??
1704910592539242975,宏池会の祖・池田勇人首相の功績に泥を塗りまくって消してしまったザイム真理教徒・岸田文雄。祖先に懺悔しろ
1704910592539242975,自公の独裁政権により、都合の良いように法律を作られ、がん地固めにされているので変更することが非常に難しくなってしまっています。\nこれが構造的に日本の成長を止めてしまっています。
1704910592539242975,どんな言い逃れをしようとも、この状況は排他的に長年施政を担ってきた「自公政権」の無能ぶりを反映していますね。\n自分の懐だけは随分と温まったのかもしれませんが、それは祖国の衰退と引き換えでございます。\n誰一人責任を取らないのでしょうねぇ。
1704910592539242975,悪夢のアベノミクス
1704910592539242975,がん地固め?\n雁字搦め○\nです。
1704910592539242975,経済戦争すらしていないと思います。\n米国の傀儡政権自民党は、米国の言いなりに動き、米国利益優先で動いてきたので、「日本の為に」競争する気もなかったと思います。
1704910592539242975,昭和に戻ったんですね　2度目のバブルは来ないな
1704910592539242975,失礼いたします。先生。政財界で世襲バカボンが跋扈してきた日本ならではの結果だと思います。
1704910592539242975,1ドル360円って時代も過去にはありましたねー。\nここまで来るのでしょうか？
1704910592539242975,経済成長は円の実力を上げるためにやったのではないが…
1704910592539242975,元ネタ「戦争を知らない子供たち」のヒットが1970年…と書けば、８年も居座って #公金チューチュー に明け暮れた #享年67歳児 一匹でどれだけ富を喰い潰したかが如実に判るだろ????内戦で苦しむ途上国にも劣る没落國、とは??\nhttps://t.co/yxV5zFpYmS\n#おっさんホイホイ\n#壺三シストモ利権ハシセズ https://t.co/scE0nz04ew
1704910592539242975,日本は戦時中に等しい、という意識がまだまだ低いんですよね??\n\n何の話かと言いますと、1990年以降の日本国の歳出、とくに「社会保障関係費」推移に注目頂きたいです??\n\nこれを「軍事費」の推移であると読み替えるとどうなるでしょう？\n日本が泥沼の戦争に巻き込まれている現実が浮き彫りになります?? https://t.co/9PKOR4rrG1
1704910592539242975,1960年から30年かけて成長しピークを迎え、そこから30年で元の木阿弥。\nここから自民党が取り戻す！と息巻いている「1945年の日本」までは15年はかからないでしょう。\nそして今度はもう立ち上がれない。
1704910592539242975,選挙に行きましょう。
1704910592539242975,「ネトウヨ栄えて国滅ぶ」\n『因果論』より
1704729058750448087,ひっさしぶりにえぺ起動してシルバー1試合ソロで行ったらVolzzいぶそうさんジョイコンパーティーにやられて速攻やめた\n何がおもろいん？？,1
1704729058750448087,レート最高！！！,1
1704729058750448087,レート最低！！
1704729058750448087,それでランク差ある人と組めないとか意味がわからんからなー\nチートも規約違反も多いし終わり
1704729058750448087,大皮肉です
1704729058750448087,終わりですランクは
1704729058750448087,ランクって何を表してるんでしょ……
1704729058750448087,でも昨日カジュアルやったらおもろかったw
1704729058750448087,ほんとですよね\nレート制でマッチングしてソロのシルバーとプレデターフルパが戦ってその中で盛らないといけないってどういうことですか??
1704732357519908864,今大臣やってる奴らが戦争始めたとて大臣は絶対に戦争で死なないから安心してほしい　にほんのれきし
1704732357519908864,了解であります。\n\nとは言え歴史を見る限り、戦争で死なずとも命は奪われるみたいですからな。
1704732357519908864,裁判で死刑になるのは女も同じだろ、流石に汚いインターネットに染まりすぎだよ……
1704732357519908864,あぁなるほど。\n申し訳ない、間違った伝わり方になってしまってますね。\n\n私は人間と言ったまで。\n\n自国を捨てずに義務を果たす女性を叩くつもりは一切無い。\n\n性根が腐った人は嫌いですが、そうではない女性はリスペクトしてますよ。
1704732357519908864,女ヘイトの元ツイートに同意してるだろ…
1704732357519908864,あれを女性全員だと受け取る事自体がよろしくないのですよね。\n\nあの方も憤りがあっての表現でしょうが、実際には男女は性別では括れない。\n\n皆様、もう何かしらを諦めたかのように極論の皮肉を言う。\nそれを当たり前だとも思ってしまっている。\n\n昨今の状況を鑑みれば致し方ないですがね\n悲しい話です
1704732357519908864,元ポストをした人は女性差別主義者です。あのツイートを女性全員ではないと受け取るのは好意的な解釈すぎますよ
1704732357519908864,好意的かそうでないかは人それぞれですからね。\nあのレベルで差別だと言うのであれば、迫害されてる人が大多数となります。\n\n言いたくは無いですが、インターネットに毒されてるとも言える訳です。\n\nとは言え、国を捨てるような人間は私にとっては害ですからね。\n表現がどうあれ賛成ですよ。
1704732357519908864,元ツイートの人のタイムライン見ればわかりますよ……
1704732357519908864,多少目に入る事はありますが、あれで致し方無しだと私は思ってしまうのですよ。\n\n男が全く攻撃されていなければあの方は差別主義者でしょうが\n散々攻撃されてますからね。\n\nあの手の人達が増えても何らおかしくないわけです。\n\nそうならない世の中が理想ですが、難しそうですね。,1
1704732357519908864,左様ですか。現実のアンバランスを無視すればそう考えられますね。,1
1704732357519908864,えぇ。\n\nあの方のような人が居るのと同時に男性差別主義者もいる訳ですからね。\n\n致し方ない。\n\n私は話の内容次第で賛同しますし反対します。\nそこに男女は余り関係ないですね。\nとは言え男女に括るのが当たり前なので、一つの行動を取っても偏りがうまれるのは必然ですから\n結果的にそうみえますよね
1704732357519908864,先程のリプライは皮肉です
1704690334561911059,開幕課金するけどいくらいくとか恥ずかしくて明かせない??,1
1704690334561911059,30万って言っときなよ??
1704690334561911059,昨日自分の23のトレード収入確認しようと思ってコンパニオンのトレード収入ランキング見て目ん玉出そうになりました笑笑
1704690334561911059,そんな行くわけありません??
1704690334561911059,とりあえず5回ぽちっていいですか？？
1704690334561911059,あ、29万5千円だったか??\n失礼しました（笑）
1704690334561911059,今年は本当控えめです??
1704690334561911059,ダメです???♂?
1704690334561911059,笑笑
1704690334561911059,50万！
1704690334561911059,たったそれっぽっちなのにあたかも金持ってます俺的な感じでツイートするの草って意味ですか？??,1
1704690334561911059,パック開封配信楽しみにしてるね??
1704690334561911059,でも開幕いくら行きまーすとか公言するのってキモいなーとかは思ってます??
1704690334561911059,皮肉です????
1704649918424735988,白レバー美味しかった??\n消化器も良かったけど…これはもういいや????\n\n最後は、ネギトロ10円に惹かれて入ったけど…\nまぁーーー10円のクオリティよ??,1
1704649918424735988,１０円とは思えないクオリティ?,1
1704649918424735988,いや…10円のクオリティ\nって皮肉ですよ??
1704649918424735988,あら??\n皮肉でしたか??
1704649918424735988,逆に画像見て\nどうよく見えたのか聞きたいっすね??
1704649918424735988,１０円ならまぁいいかなって思っちゃいました??
1704649918424735988,いや！\n絶対違うしょw\n\n妥協じゃなくて、思いっきり褒めた感じのリプじゃんw
1704649918424735988,その考えなら\n俺と同じで皮肉ってことかな？??
1704649918424735988,１０円ならいいかなって思って褒めちゃいました??\nもっと量があったほうが良かったですよね??
1704626493035290876,角田裕毅、鈴鹿で2024年のアルファタウリF1残留が発表との報道
1704626493035290876,ガテさんて、角田がリザーブとか残留とかコロコロ話変わって面白いですね\n皮肉ですよ
1704626493035290876,ガテの言うことは信じないことにした
1704626493035290876,良き良き(*´?`*)????
1704626493035290876,誤審、隠蔽はなぜ起きたのか、どう改善するのか鈴鹿サーキットの競技団は説明すべきです。\n#鈴鹿サーキット #suzukacircuit #誤審 #隠蔽 #ジャンプスタート #全日本ロード選手権 #ST600 #隠蔽競技団 #スタート違反 #隠蔽オフィシャル　#隠蔽サーキット　\n\nhttps://t.co/smYi8EHlFJ
1704626493035290876,やったね。鈴鹿でここ最近の鬱憤を晴らすしかない！頼むぞユーキ
1704626493035290876,必ずそうなって欲しい
1704626493035290876,ガテさん？www  プレゼント系のリツと政治批判しかしないネトウヨはGateをローマ字読みするの？www
1704835618319294565,山口県の嫌われ者が生意気やな。\nヒカルに助けてもらってその態度はないんじゃないかな？\n虐められっ子の無能は真面目に働けよ。
1704835618319294565,ブーメラン刺さってますよ
1704835618319294565,あぁ、へずまが炎上させてインプレ稼いで、嫁がやれやれとか言って別口でインプレ稼いでんのか。\nどうしようもねぇ夫婦だな。,1
1704835618319294565,&gt;真面目に働けよ\nえ？\nえ？
1704835618319294565,お前が嫌われ者だよ\nというかお前誰？
1704835618319294565,ブーメラン刺さってるけど大丈夫そ？？日本語おかしいよwwwww\n逆に世間のみんなからいじめられっ子の無能は真面目に働けよ。
1704835618319294565,ブーメラン
1704835618319294565,ラーメン屋さんに助けらてその態度は無いんじゃない??かなぁ??リオグルーブには一生懸命ゴマすってあさましくて滑稽だけどね??ゴマすりすぎてキャラ崩壊しているのに気づかない??さすがですね??しがみつきたい気持ちがアリアリ??
1704835618319294565,旦那さんは、何かの御病気なんですか？
1704835618319294565,ないわ、ブロックしマース
1704835618319294565,こんなよーわからんことして金稼ぐこと覚えちゃったら、もう二度と健常者に戻ることはないよ。
1704835618319294565,ブーメラン
1704835618319294565,わら
1704835618319294565,レペゼンに突撃メントスコーラやられた時の気持ち忘れたんか？\nへずま懲役２０年確定や！\n試合ぶっちしてスーパースターに呼び出された時に迷惑系辞める言うたん違うんか？??
1704835618319294565,どんぐりの背比べ
1704835618319294565,どっちもどっち…（笑）
1704835618319294565,山口県の嫌われ者かしらんけどあんた日本の嫌われ者やから似た者同士仲良くしたら？??
1704835618319294565,ヒカルに助けてもらったの関係ねーだろ\nお前も真面目に働けや
1704835618319294565,しかし、相手はびっくりしたし困惑はしてたで？
1704835618319294565,へずまとコラボしてバズるはずないからやん爆笑見たことないwwあーニュースでへずま知りました??
1704835618319294565,へずまも中学生に寄生してないで真面目に働いて\n\n海の家で働いてる時は輝いてたぞ
1704835618319294565,こいつの取り柄はメンタルだけじゃ。\nブランディングもクソもない
1704835618319294565,お前は1回捕まれ??豚
1704835618319294565,本当に可哀想な人間ですね\n全ての言葉が薄っぺらい
1704835618319294565,山口の嫌われ者はお前もや
1704835618319294565,あいぽんじゃん
1704835618319294565,おまえまじでもう一回スーパーで刺身食って捕まれよ。
1704835618319294565,はやくしねよ知的障害者へずま\nやまゆり園入って首吊って死ね障害者
1704835618319294565,??
1704835618319294565,そこまでしないと、生計立てれないんですよね…お疲れ様です
1704835618319294565,お前も大して有能じゃねーだろ、、、三崎くんに助けてもらった分際で、、、
1704835618319294565,どっちもどっちだろ\n\nきもちわるい
1704835618319294565,いや同じよ？笑\n世間はお前らのこと同じ種類だと思ってるしどっちもウンコだよ
1704835618319294565,でも今回はお前が悪いじゃん
1704835618319294565,お前が真面目に働けよwwww
1704835618319294565,夫婦揃ってどうしょうも無いな。終わってるわ
1704835618319294565,自分の言ってること全部返ってきている時点でお前の頭弱いことバレバレ??
1704835618319294565,ゴミ人間で草\nジョニーソマリと同類でどうしようないね
1704835618319294565,お前も嫌われ者だけどな
1704835618319294565,山口で、へずまりゅうより嫌われてるヤツいないってw\n自己紹介すんなwww
1704835618319294565,お前も嫌われ者だろ。\nてか、背景にボカシくらい入れろよ？
1704835618319294565,山口県の嫌われ者に全国の嫌われ者からの文句とかwww
1704835618319294565,ん？？
1704835618319294565,代わりに謝ってもらったんやから｢ありがとうございました｣が常識ある大人の対応な??\nあっ??迷惑系デブチューバー??は非常識しかなかった????
1704835618319294565,これが正に「特大ブーメラン」
1704835618319294565,今のところ田口以下
1704835618319294565,デブは黙ってろよ
1704835618319294565,数年後はしんやっちょみたいに知名度だけがあって小銭稼ぐのに一苦労になってそう
1704835618319294565,金返せ
1704835618319294565,お前がいうな
1704835618319294565,1番お前が無能 地球の癌
1704835618319294565,迷惑系だからって中学生に突撃さていいと思ってんのか？
1704835618319294565,直接旦那に言って反省させろよ\nここで呟いてないでさ\nどうせ全部知ってたんだろ
1704835618319294565,虐められっ子って中傷お前なかなかヤバいなwww
1704835618319294565,本当に成人してる大人っていうのがびっくり 大人気ないしやってる事が中学生以下
1704835618319294565,お前もう何やってもダメなんだからさっさと謝ってこの件から身を引いてくれ。早く。\n山口県の不審者が生意気やな。\nなまずくんの対応に助けてもらってその態度はないんじゃないかな？\n嫌われ者の無能は誠意を持って謝れよ。
1704835618319294565,無職の人がほざいてもねー\n全員が言うと思う\n「お前が言うな??」
1704835618319294565,たしかに！笑
1704835618319294565,収入源がTwitterは草,1
1704835618319294565,山口県の嫌われ者、\n生意気\n虐められっ子\n無能\n真面目に働けよ\n\n全部へずまさんのことすぎて笑いました！！！
1704835618319294565,原田くん頑張って??????????
1704835618319294565,そこ試合決定で（もう古いよね）
1704835618319294565,お前さすがにやばいで未成年に対して有名になりすぎたちゃうやろやってる事ただのストーカーじゃねーか
1704835618319294565,目糞鼻糞
1704835618319294565,目くそか耳くそかの差
1704835618319294565,山口県出身を語るな
1704835618319294565,お前面白いなｗ
1704835618319294565,やばいやつ
1704835618319294565,5万ぐらいのインプレで稼ぎにならんよ\nリプ欄で呟いたぐらいじゃ全然稼げん
1704835618319294565,皮肉だよ\nTwitterだけで生きていけるなら苦労しないw
1704835618319294565,多分ガレソとかはTwitterだけでいきていけると思う
1704835618319294565,やってる事に成長が見られないなぁ?\n\nなのに大物気取り　笑笑
1704835618319294565,へずまずっと好きでした\nでも子供にということで嫌いになりました\nアンチになります。\n中洲。
1704835618319294565,警察に通報されればよかったのに。\nせっかくの再逮捕案件を…
1704835618319294565,ブーメラン投げ世界一
1704835618319294565,日本の嫌われ者が生意気やなあ??大物ぶっても??どんな豪邸に住んでいるのかな??いくら貯金あるのかな??まさかの借金だけって事無いよね？??大物気取りさん??
1704835618319294565,はぁじゃなくて同類だよ笑
1704835618319294565,こうしないと誰も見てくれないもんね……。
1704835618319294565,日本から出て行ってほしい。へずま、
1704835618319294565,迷惑＝注目されておいしい\n\nって思ってるからやめられないんですよね！イマドキ！
1704835618319294565,同類やんｗｗ
1704835618319294565,いい人風に妻は見せてるけど結局ぺずまと同じでしょ笑
1704835618319294565,ちょんまげ小僧のファンです\n\n個人的にあの子たちは誰とも絡まずコラボもせず\n普通に育って欲しい\nゴミみたいな大人に憧れて欲しくないし\n勉強頑張ってる間は　遊んでお金稼いでる大人が利己的な感情で近づいて欲しくないです\n関わらないでください\n僕の貯金ですか？3億くらいです敬語使えよ
1704835618319294565,目くそ鼻くそ
1704835618319294565,へずまと別れて俺と結婚してください。
1704835618319294565,何でこいつがいいと思ったのか頭の構造が知りたい
1704835618319294565,まぁ、中学生相手にこんなことする人に言われたくないよねw
1704835618319294565,田口さん絡まれるのわかったうえで、からんできたのかな？\n\nだとしたらへずまさんは？わかってるよね、、これがプロレスってやつか。
1704835618319294565,田口の方がまだマジで草
1704835618319294565,お前も無能やんけ
1704835618319294565,草
1704835618319294565,これ以上　\n山口県の名前をつかわないで、、
1704835618319294565,おまえもはたらけ
1704835618319294565,生きる粗大ゴミみたいな人間やな
1704835618319294565,この件に関してはなんも反論できてないの草
1704835618319294565,もーゆってることが支離滅裂で草
1704835618319294565,ファイッ
1704835618319294565,お前はいつまで自己紹介しとんねん
1704189884192498037,ほら?\n\n入寮おめでとうございます！犬飼いぬのハリポタ寮は【スリザリン】です\n\n◆損をしない立ち回りをする\n◆上昇志向が強い\n◆批判されるとむしろ燃える,1
1704189884192498037,いい性格してるってこと？,1
1704189884192498037,スリザリン良い性格とは思えんけどな??
1704189884192498037,皮肉だよ^^
1704776922889326653,井川意高さん「告白します 私の性自認は 実は 女性なんです そして 性的嗜好は レズビアンで 役割はタチ希望です」\n\n冗談ではなく身体的特徴は男性で「心は女性」のレズビアンも存在するだろ。性行為上やる事は男性と同じやけど。,1
1704776922889326653,ジョークだと思いますけど。\nくだらんジョークだと思う。
1704776922889326653,流石ーールーレットみたいーー
1704776922889326653,断根してから言えよ？,1
1704776922889326653,只の皮肉にカッカするなよ
1704776922889326653,現状のLGBTに対する皮肉だよ。\nワシはこうやけどお前らどうする？って問われてるだけ
1704776922889326653,手術を強要しての自認を迫るとは何と言う、れいしすと…。
1704776922889326653,これで女風呂に入れる様になったな
1704776922889326653,これ位に侮蔑しないと、アッチ側には伝わらないンですよね‥。
1704776922889326653,実は自分もですと今後多数出て来ますよ。\nLGBT推進法の為にね。
1704776922889326653,品格のお在りになる、オールマイティな方ですネ??
1704694028732899471,とにかく自由すぎる新作オープンワールドRPG『Project Mugen』最新映像が公開【TGS2023】\n\nあまりにも広い都会は蜘蛛男も驚きなスイングでスタイリッシュに移動。街中のオブジェクトは自由に破壊・移動もでき、ネコちゃんとも触れ合えちゃう。
1704694028732899471,またパクリゲームかよ
1704694028732899471,Looks ????
1704694028732899471,和製ライオットアクトか
1704694028732899471,ネットイース\n基本無料\npc，cs、【スマホ】展開\n\nもうこれ時点で触る気なくす
1704694028732899471,凄すぎ
1704694028732899471,ゼルダ以降、原神が続いたようにオープンワールド人気が席巻してますね?自由度が高い＝それだけプログラミングや描写、計算も複雑になるので、ゲーム会社の方々は本当に大変な量の仕事をこなせれてて感服します??\n\nネコちゃん??と触れ合ちゃう…、どのくらい触れ合えるんでしょうか…←最重要事項
1704694028732899471,プラットフォームにモバイル、基本プレイ無料\n嫌な予感しかしかない
1704694028732899471,朝鮮系だろうなぁと思ったらやっぱ中華だった。
1704694028732899471,昔から言われていたゲームは害悪っていうのは勉強が疎かになるからだったけど、今はさもパクリなのに大作の皮を被った偽物を平然と売り出すことだよ。これをダメだとする風潮さえなくなった今のゲーム全般を危惧すべきでわ。全然喜んで良いもんじゃないよ、こんなの。ちゃんとした本物を遊ぼうよ…
1704694028732899471,じゃあ本物を教えてもらって良いですか？？
1704694028732899471,このゲームはガチおもろそう モバイル容量10ギガはいくな
1704694028732899471,それを人はスパイダーマンと呼ぶんだよ
1704694028732899471,少しAkiba`s Trip+Persona 5に似ている
1704694028732899471,「わ」じゃくて「は」だよ\nこれをダメだとする風潮さえない自分を危惧すべきでは？
1704694028732899471,ネット右翼また泣くよ
1704694028732899471,ゲームが出過ぎて新しいゲーム性の物を生み出すのが難しくなってるんだよ
1704694028732899471,まあ、わかるよ\n特にこの会社は腐ってるからね
1704694028732899471,パクリの集合体シナゲー
1704694028732899471,この会社アイデアだけじゃなくてモーションとかモデルとかサウンドとかいろんなアセット他からパクってる前科あるしシステムだってほとんど他ゲーの流用だよね？\n典型的な中華の怪しい会社なのになんで堂々としてるの？TGSもメディアも大々的に出していいもんじゃないだろこれ
1704694028732899471,どっかで見た蜘蛛男の動きですね・・・
1704694028732899471,せめて売り切りのゲームならな・・・\nソシャゲにしない方が良かったゲームって結構ありそうだな
1704694028732899471,中国に恥ずかしさがあると思ってるか?\n.......ないから嫌われる国だからだね
1704694028732899471,教えてもらって見つけるもんじゃないよ。ゲームはインタラクティブなものなんだから。好きなものは自分で見つけるものだし、人の感性は唯一無二なんだから。\nだからこうして、これはパクリだよね本物を遊びなよといった物だっていつかは本物になる日は来るんだよ。だからゲームは面白い
1704694028732899471,技術者や技術\n盗まれすぎやない\nこの会社にと思うとき\n\nゲームやる人にとっては楽しければいいってやつよな\n\n似たような感じの作り増やし、メンテナンスやら追いつかなくなっていくのみえてる
1704694028732899471,中国のパクリゲーですこれ
1704694028732899471,皆さんこれ日本のゲームじゃないですよ\n\n中国です\n\n色んなゲームのモーションをパクったゲームです
1704694028732899471,うだうだ言ってないで働けよ
1704694028732899471,パクリのキメラ
1704694028732899471,モーションがスパイダーマンなんだよなぁ\n\nそれでも面白そうなんだけど
1704694028732899471,あまりにも広い都会は蜘蛛男も驚きなスイングでスタイリッシュに移動\n\nこれ皮肉だよね？
1704694028732899471,ほんとにパクる事に抵抗もプライドもない開発者が増えて不快。\nまぁオタクはキャラデザが自分好みのロリ美少女やったら神ゲー(笑)なんやろな。
1704694028732899471,ライオットアクトやってたなぁぁ
1704694028732899471,一つの作品から丸パクリするより人気作品から一つずつつまみ食いする様にパクった方が炎上もしないし面白そうよな\nそれはそれとしてスパイダーマンのモーション丸パクリはあかんけど
1704694028732899471,スイングとか壁走りがスパイダーマンに結構似てるんだよなー
1704694028732899471,街歩いててる人をいきなり強姦したり、殺して死姦出来るオープンワールドはまだか
1704694028732899471,和製ではないです…
1704694028732899471,だからなんやねん\n面白そうと感じるのは個人の自由だろ\nネトウヨさっさと帰れよ
1704694028732899471,ネトウヨ発狂で草
1704694028732899471,うわ\n中華支持してる人だ\n絡んでくんなよ
1704694028732899471,すげー
1704694028732899471,主語デッカッッ
1704694028732899471,こんな公にパクリを公開する勇気だけは賞賛に値する
1704694028732899471,結局権力には勝てないって事でしょう。\nワーナーやマーベルが手を組むぐらいですからね。
1704694028732899471,うーん。\n\n移動手段とかはサラッと流して、\n物語とかプレゼンできない時点でパス。
1704667223577727046,録音くれたみんな！ありがとうな！\n俺はそれのお陰で毎日ガッコでうンまい飯が食えるんだ！！！\n感謝するわ！！！！！(笑)
1704667223577727046,俺もお前から貰ったアカペラ録音でアルバム作るわ
1704667223577727046,俺はファイルにもうフォルダ作ってるからな\n近いうちにCDにしてやる
1704667223577727046,wwwwwwwwwwww\nはやすぎ\nCDにするならまずアパムンさんからやなぁ
1704667223577727046,いや、貴様のもあるぞ\nもちろんもっくんもやる\n周りの全員に読ませて歌わせて\nそれぞれCD作るんだ
1704667223577727046,俺のは無くていいんだよ\nプロデューサーか何かかこいつwwwwwwwww
1704667223577727046,??
1704667223577727046,なってやるよプロデューサー！！\nいぶPって呼べやァ????????????
1704667223577727046,にゃ?ん(笑)
1704667223577727046,呼ばねぇし呼びにくいわ??????????????????????????????????????????
1704667223577727046,はやくボールペンで腕刺したら?
1704667223577727046,まっっっかせろ！！！！！\nおめぇのCDをみんなに布教用で配ってやらぁ！！！！！！！！！
1704667223577727046,そんなに傷付けたいんですね…僕の事……\n分かりました…待っててくださいね……
1704667223577727046,やめろ馬鹿が??????????????????????????????????????\nぶん殴るぞ????????????????????????????????
1704667223577727046,HAHAHAHAHAHAHAHAHAHAHA????????????????????\n傀逅展までに仕上げるかぁ??????????????????
1704667223577727046,ごめ……ごめんじゃん……でもボイスは聞きたいじゃん……正座待機で待つじゃん……
1704667223577727046,やめろバカが????????????????????????????????????\nまぁもうそれ以上増やさんし増えんからな????????????????????????????????
1704667223577727046,最高に生々しいの録って来ますね\n貴女が望んだんですから
1704667223577727046,オラ牌持てや??????????????????????アッシェンテェェェェェァァァァァ??????????????????????????
1704667223577727046,そんなの聞いたらいぶさんへの加虐心まで目覚めちゃうかもしれない??\n感情ぐちゃぐちゃなる
1704667223577727046,はぁ???????????????????????返り討ちにしてやぁよ????????????????????????????????????????????????????????????
1704667223577727046,はぁ?？くっそキッッッツイ台本持ってきてやんよ
1704667223577727046,目覚めさすな、ンなもん閉まっとけ
1704667223577727046,やめろや馬鹿がよォ????????????????????????
1704667223577727046,楽しいなぁ！鳥ィ！！
1704667223577727046,いぶさんってばすぐ新たな扉開かそうとするんですから罪ですわ
1704667223577727046,おう楽しいともさ??????????????\nお前からの叫び声が聞けたらなお楽しいがな！！！！！
1704667223577727046,ザコがwww\n貴様も洋楽アカペラの課題でも積んでやろうか？
1704667223577727046,いや、勝手に開いてんのアンタでしょ\n人の所為にしないでください
1704667223577727046,やめろよ洋楽まだあんまり歌えねぇんだから\nもっと歌えるやつに積んどけ雑魚
1704667223577727046,一緒に練習していこうなぁ鳥ィ……
1704667223577727046,へっへへ……そんな事ないですよぉ……うへ\n最高
1704667223577727046,洋楽難しいって（泣）\nやっとこさインセイン覚えれた程度なんやから……………\n発音も硬いしな………
1704667223577727046,うるせぇ！練習しろ！！！
1704667223577727046,うっわ……\nそんな事よりはよにゃん、にゃんはよ
1704667223577727046,やだ??????????????????????????????????（クソデカボイス）
1704667223577727046,賭け麻雀の命令は?\n絶対?(笑)
1704667223577727046,お前の録音待ってるぜ（笑）
1704667223577727046,任せろ、明日サボって録るわ
1704667223577727046,やめてください\nあ?あいぶさんの全否定関西弁彼氏楽しみだなぁ????
1704667223577727046,あれ、それあったっけ？
1704667223577727046,うーーーーーーーーーーーーんこの…………………………
1704667223577727046,混ざっちゃった！！\n関西弁彼氏で軽蔑したあとに全肯定の兄になってください,1
1704667223577727046,良い趣味してますね,1
1704667223577727046,誇らしい趣味です
1704667223577727046,皮肉だよばーか
1704667223577727046,そうですよねっ……へへっ…！！あたいうっかりしてました！
1704528938545094906,BoxFresh質問箱にスパム来てら,1
1704528938545094906,よかったやんwお前女やし、百合できるやんw,1
1704528938545094906,ただただキショすぎる
1704528938545094906,それはわいも思った。こーゆーしょーもないことしてても闇企業だから稼げてんのが皮肉だよな。
1704528938545094906,『それは無料です』の違和感…
1704528938545094906,頭悪そうwww
1704528938545094906,普通に翻訳だけ通してそのまま打ってそう感w
1704528938545094906,全く同じの来た なぜ質問箱にも送ってくるのだろうか
1704380367812071493,「参加費100万、ホテルはシェラトン」　森まさこ前首相補佐官　台風13号で被災の地元・福島には行かず長女同伴で豪華アメリカツアー参加,1
1704380367812071493,悪党ばかりだな！地獄に堕ちろ。
1704380367812071493,押忍??そんなに信用してんの？
1704380367812071493,古里をほったらかして渡米し、何の痛痒も感じないのだろうか。県民の信託も失ってしまいました。残念です！
1704380367812071493,自分だけの為に議員になって、人生を謳歌し一票を入れた有権者の事は、人任せ??
1704380367812071493,政治家が国民の事を考えてる人なんていないですから。\n総理からして自分を海外に良く見せたいために税金を無駄遣いしてますからねぇ。
1704380367812071493,ブライダル森\nシェラトン森\nで、次の名は？
1704380367812071493,フランス革命
1704380367812071493,だから､云わなこっちゃなひのだ??????騙されたらアカンやろ????サイナラ????失礼??????????
1704380367812071493,かっこいい名前ですよねw
1704380367812071493,福島とかどうでもいいでしょwそれに整形してないでしょw論破
1704380367812071493,かっこ悪くないです論破
1704380367812071493,何が問題なんですか？論破
1704380367812071493,地元をないがしろですか
1704380367812071493,国会議員の嫉妬丸出しで惨めですw論破
1704380367812071493,自民党腐り過ぎ。終わりですな。保守本流は、日本保守党へ！
1704380367812071493,マジですか?????\nもう直ぐ選挙やけど、どのツラ下げて凱旋するんやろね
1704380367812071493,国民舐めてんのけ??
1704380367812071493,公金吸血鬼がここにも登場
1704380367812071493,国会議員クオリティだな\n税金は旅費に
1704380367812071493,だって、自民党の皆さんに流行ってるのよ??????
1704380367812071493,美し島福島
1704380367812071493,ブライダルシェラトン森とかスゲー国会議員ですね????
1704380367812071493,シェラトンまさこ\n又こんな通り名付くやん
1704380367812071493,浪費する組織には金を渡さないのが１番。減税で国民の手元にお金を取り戻そう。
1704380367812071493,うーーーん　\n　馬鹿な議員が多すぎる
1704380367812071493,地元を大事にしないヤツは議員辞職しろよ
1704380367812071493,何だか、女性議員ばかり出ますが・・・\n当然、じじいどもも行ってますよね！??\n\n議員の海外視察と言う。旅行に！??\n何で、マスゴミは言わないん？??\nジャニーズ事務所か？??
1704380367812071493,議員をお辞め下さい??
1704380367812071493,１　叔母さんが虐められるのは､  自民党だから。\n２　自民党が傀儡政権で叩かれ役。\n３　one world日本支部長の????木原が\n４　????太郎が､ぴょんぴょん 跳ねながら\n5　増税反対 をいう\n６　これが反政府デモの仕組み。
1704380367812071493,誰だよ！投票した愚か者は！
1704380367812071493,こういう国民に不誠実な行為が発覚した議員は、即刻辞職して、不適切に使用したと思われる金額を返納するよう法整備してほしい
1704380367812071493,国民を馬鹿にしすぎ
1704380367812071493,選挙の時だけよろしくで、当選したら無視！いつかこの人バチ当たるよ??
1704380367812071493,そんなもんだろ   笑
1704380367812071493,たくよー税金は、予算じゃないからなぁ\n経済状況考えて福島県に国債通貨発行生み出せ\n日本円だから被災した。家屋等補助金出せる\n復興税とか国民負担、国債通貨発行日本円\n振り込みのみ、建築土木とか当てるべきか\n日本人働いてる事給与にもなるからね\n見舞金でも可能コロナ給付金でも国債だったし
1704380367812071493,また出ましたか？
1704380367812071493,ブライダル業界が銭出してくれたんか？
1704380367812071493,自民??議員だらけ??
1704380367812071493,ひどすぎる…
1704380367812071493,１　　one world日本支部長の????木原が\n２　　岸田??政権に増税を言わせる　森まさこも自民\n３　　????零和太郎が増税反対と叫ぶ\n４　　デモ隊が釣られて叫ぶ\n５　　増税　伐採　放水　値上　改憲など。。\n６　　全てのデモは、同じ構造\n７　　日本民族に仕掛けられた罠だ
1704380367812071493,この人達に日本を良くするという考えはないんですよ。よく考えて投票するしかないですよね。
1704380367812071493,女性議員不必要
1704380367812071493,自民党貴族→シェラトンのスイート利用で豪華アメリカツアー\n国民→被災地の愚民は、コオロギ食ってろ！ 
1704380367812071493,ダメ??即刻クビ
1704380367812071493,行きたい気持ちもわかるけどタイミングが悪い。\n\nそれに、心のない人が政策をしても相手の立場で考えられないのだからいい対策が打てるわけがない。\n\n頭では理論作れるかもしれないけれど
1704380367812071493,シェラトン、エッフェル、ドリル……３人でビジュアル系バンドを結成して、ニックネームにしよう。
1704380367812071493,狂ってる。。\n振る舞いも顔も。。
1704380367812071493,自費？
1704380367812071493,シェラトン・ブライダル森！\n\nいやはや、すばらしいですねぇｗ,1
1704380367812071493,利権ゲット祝い？
1704380367812071493,参加費は勿論、ブライダル関連企業から頂きましたー
1704380367812071493,こんなクズが議員でいるから日本国は諸外国から舐められる。
1704380367812071493,どうせなら、後日地元で豪遊して地元に金をおとせば。アメリカ経済に貢献している場合じゃない。
1704380367812071493,碌でも無い
1704380367812071493,日本の国益とは何ぞ？\nこの人は日本の国のために\n何をしてくれる人なのだろうか\n\n中国のジャックマーさんとお友達？\nhttps://t.co/EhWY7Wxj8x
1704380367812071493,吊るし上げですね。( ﾟ∀ﾟ)ｱﾊﾊ八八ﾉヽﾉヽﾉヽﾉ ＼ / ＼/ ＼
1704380367812071493,集団リンチみたいになってるな。\nよくないぞ。
1704380367812071493,馬鹿タレがw
1704380367812071493,ネ・オ・リ・ベ
1704380367812071493,政治献金 100万円に参加費100万円\nプラマイゼロ政策
1704380367812071493,まぁこんな奴ばかりですよ??
1704380367812071493,今のトップがアレだから、そんなイキモノしか集まらないわな
1704380367812071493,また女性議員が叩かれる\n逆に埃が出ない議員なんているのか？\n災害や有事が起こった時、国会議員は何かしてくれるのか？\n活動を公表してください
1704380367812071493,税金バブル
1704380367812071493,地元有権者の判断が必要だな??
1704380367812071493,こんな奴ばかりですね岸田の周りの人って、クズを集める求心力はあるんだな。
1704380367812071493,これが正体\nただの政治屋
1704380367812071493,岸田の身内はこんなんばっか
1704380367812071493,ガーシーがまだまともに見えてくるのは何故なんだろう。
1704380367812071493,当選すれば後はどうでもいい?\n耳障りの良いこと言うただの虚偽野郎ども！\nその小選挙区の代表って言うことを失念してるわ??
1704380367812071493,爪の甘い粗忽もん
1704380367812071493,とても家族思いな方ですね\nお仕事と両立は難しそうですので、辞職されてから家族サービスに専念してはいかがでしょうか
1704380367812071493,9/8に線状降水帯発生。9/9に渡航、現地で講演の予定あり。\n\nこれは仕方ないんじゃないの？\n\n帰ってきた後の対応次第では。
1704380367812071493,人身御供か。
1704380367812071493,??
1704380367812071493,おい岸田、どう責任取るつもりだよ？
1704380367812071493,そんなことするために政治家になったのか？\n初心思い出せ
1704380367812071493,国民のことなんて何も考えてないだろ??
1704380367812071493,どうしようもないな
1704380367812071493,似てますよーw論破 https://t.co/0RpqMh3pxj
1704380367812071493,ホントに日本のためを想って国会議員になる人どのくらい、いるのかな。\n皆さん私利私欲(゜-゜)\n名誉お金利権。\nそりゃあ日本が良くなる訳ないよ。\n俺の中では秘書も少ないし違う事は違うと言える青山議員くらいしか知らない。
1704380367812071493,結局、政治家は国民の為にこれしますって言ってその資金を自分たちの遊びに浪費する
1704380367812071493,無能な膣は早く辞任して下さい。
1704380367812071493,ドリル、おフランス、そしてこれ。\n\n政治家以前に、社会人としてどうかって思う面々。
1704380367812071493,国会議員って選挙の時以外は全く 地元で見ないよね 今まで一度も見たことがありません 見るのは選挙の時だけ
1704380367812071493,国民、ましてや地元民より自分の娯楽優先\nもうこんな奴ばっかで嫌になる
1704380367812071493,次から次へと…\nもう議員辞職なさったほうがいいかと存じます。
1704380367812071493,良いご身分なこって、、
1704380367812071493,元々予約してたならしょうがない。娘と楽しんできたならそれでええ。被災地に行けばいいって事でもないしな。
1704380367812071493,あーあ
1704380367812071493,自分へのご褒美。\nお花畑。
1704380367812071493,この方いつも司法修習生の長女絡んでますが、親子揃って常識ヤバくない??これで法律家って??
1704380367812071493,この写真がどのタイミングなのかは知りませんが、服装の高級感はわかります。
1704380367812071493,だから男女参画事業なんて無駄中の無駄！こんなのしか生まれないから！
1704380367812071493,終わりです。
1704380367812071493,都会に住むエリートは官邸ツアーにアメリカツアーと忙しい毎日を送る～ 
1704380367812071493,論破大好きやんけw
1704380367812071493,論破しか言えないんすよこの人\nかわいそすぎて笑いしか出ない
1704380367812071493,馬鹿と無能と恥知らずしか居ない自民党！
1704380367812071493,森まさこさんをこれからは絶対選びません　こういうところにあなたの気持ちが出てきます　謝っても取り返しはききません　最初はいい人に見えてたのに？偉くなると変わりますね　そんなものだったのか…
1704333308178600337,【韓国】日本不買運動の参加者、アシックスの靴を履いて参加,1
1704333308178600337,偽物だとしても見栄張って日本のもの履きたいんだねってなる
1704333308178600337,靴までお買い上げいただき誠にありがとうございます。,1
1704333308178600337,あ…アシックスのバッタモンだから…
1704333308178600337,アツックスかもしれない
1704333308178600337,アシックスは韓国の企業って言うぞｗ
1704333308178600337,総コント民\n毎回笑かしてくれる
1704333308178600337,お買上げありがとうございます～♪,1
1704333308178600337,これ、何ていうコントですか？
1704333308178600337,アシックスの靴はきやすいもんね
1704333308178600337,パチモンのアシクサだろう。
1704333308178600337,Made in Chinaだから中国製だから問題ないとか
1704333308178600337,PS5とか持ってても捨てなそうwwww
1704333308178600337,本当進歩の無い奴ら?????? 
1704333308178600337,通常運転してますね。ブーメランが戻ってこないか注意することをオススメします。
1704333308178600337,憎い日本製品を踏み潰してやるニダ。
1704333308178600337,朴槿恵 思い出したわよ? 
1704333308178600337,神戸から世界へ??
1704333308178600337,アシックスも韓国起源なんだろ？ 笑
1704333308178600337,すでに買っているだとォォォッ！
1704333308178600337,１度位は不買運動成功させてみせて下さい??
1704333308178600337,オニツカタイガー??
1704333308178600337,韓国製のアシックスの靴では？
1704333308178600337,コピー商品かも??
1704333308178600337,恥も外聞もない民族だな。
1704333308178600337,アシックスではなく、アシックサかもしれないw
1704333308178600337,??????????
1704333308178600337,パチモンだから韓国製と言い訳しそう
1704333308178600337,流石に裸足は無理だったか…w
1704333308178600337,爪が甘かったな(笑)
1704333308178600337,ギャグすぎる
1704333308178600337,いつもの事やん！(笑)
1704333308178600337,アシックスは韓国起源だーっていいそう。だっさ
1704333308178600337,アシックスの起源は韓国??
1704333308178600337,反日叫びながら、日本製を使う。\nいつものお家芸(笑)
1704333308178600337,やっぱり日本製は最高だよな？\n韓国製のダサくて粗悪な靴なんて履けやしないよなー？\nわかるわー。
1704333308178600337,宇宙の起源が韓国なんだから\nそこはあまり問題にはしないんだろう
1704333308178600337,チャント確認してから参加しろ！\nいや違うだろ??\n日本製品を買うなよ??使うなよ??
1704333308178600337,終わってから靴を洗濯して、\nこれがせんたく式不買ニダ！
1704333308178600337,エドウィンの入社試験に、、Levi'sを履いていくようなものか？？？
1704333308178600337,まるで沖縄の基地反対を見ているかのよう?????♀?
1704333308178600337,昔、朴槿恵が始球式でアシックス履いてて攻撃されてたよねw韓国ではアシックスを避けられないほど身近なんですね
1704333308178600337,やる前からなにが日本企業かしらん感じ毎回あるよな
1704333308178600337,韓国。無理ゲーなことを知らず、無理ゲーをプレイ。そして、基本ルール理解できず。傍観者困惑。\n\nwww
1704333308178600337,やる事が全部中途半端だから誰も認めてくれない事に気が付かないんだよな～w
1704333308178600337,ありがとうございました。
1704333308178600337,安定のダブスタ～??
1704333308178600337,これやるにもタダじゃないだろうに相当暇なんだなww
1704333308178600337,ねえ見てあの人の足、クスッwてなもんや。
1704333308178600337,バカにつける薬無し。
1704333308178600337,パクリの靴でアシクッサを履いているのかも
1704333308178600337,マヌケ過ぎるね
1704333308178600337,更に服はUNIQLOだったりして。
1704333308178600337,それなww
1704333308178600337,【韓国】日本不買運動の参加者、アシックスのパクリブランド『アシクッサ』を履いて酸化
1704333308178600337,顎外れるかと思ったわ、、、????
1704333308178600337,詰めも脇も甘い
1704333308178600337,足元から見直せ！ってこういう時に使う言葉だったんだね,1
1704333308178600337,どうしてこの手のバカものって陽の当たるとこに出てきて矛盾晒すんだろ笑
1704333308178600337,まぁ、鬼塚も◯価だから。
1704333308178600337,やるならやりきらないと…
1704333308178600337,矛盾!!
1704333308178600337,なんで…こう…\n\nバカ丸出しなんですかねwwwww
1704333308178600337,中途半端??本気で反日やれや！
1704333308178600337,良い事だｗ,1
1704333308178600337,笑いも取れないアホの集まり。
1704333308178600337,もう少し頑張ってくれたら、こちらも笑ったりしないのに。
1704333308178600337,靴の起源も韓国なんだろうからいいんじゃない？w
1704333308178600337,何年振り、何回目ですか？\n\n以前の不買運動はいつ終わってたん？
1704333308178600337,やると思った。\n学習しろよ。
1704333308178600337,以前から色々とあらが目立つ K 酷の反日不買運動輩だけど、さらに酷くなったなぁ。
1704333308178600337,あの手この手で\n韓国人もいろいろ大変だなぁ
1704333308178600337,きっしょ
1704333308178600337,(￣ー￣)ｂｸﾞｯ!
1704333308178600337,アホめ??
1704333308178600337,アシックスとミズノは足型がアジア人に合わせてるから履きやすいのよね\n加水分解ですぐにバラバラになるナイキなんかと違って丈夫だしこれに慣れたらもう他は履けません
1704333308178600337,アホが見る豚のケツ?♪
1704333308178600337,以前はキヤノンのビデオカメラで撮ってたな。
1704333308178600337,以前、デモ参加者が、乗ってきたトヨタ車がボコボコにされて、乗って帰れなかったみたいなのを見た覚えが。
1704333308178600337,ほんまこの人等っていゆも詰めが甘いよなー
1704333308178600337,ネタか？
1704333308178600337,そこで指摘する奴が出てこないと。
1704333308178600337,前のNO JAPANの後に靴買い直したのか？w\n\n普段から自国製品応援すれば良いのにw
1704333308178600337,ん？またやってんの?????
1704333308178600337,はい。頭おかしい。
1704333308178600337,K国製の模造品じゃねえの？
1704333308178600337,韓国のブランドって？\nヒュンダイ！\nSAMSUNG！\n\n他？、、聞いたことないぞ、、、、\n\n日本のパクリ、、、エビス・ジーンズ??
1704333308178600337,つめが甘いのねw
1704333308178600337,ほかの選択も出来たから、洗濯的不買って奴は通じないよね?
1704333308178600337,やはりこの種族、根本的に脳が未発達なんだよな。
1704333308178600337,中途半端な不買やなぁ
1704333308178600337,コントか？
1704333308178600337,いま党首が奇跡のハンスト（笑）やってる共に民主党が与党時代だった前政権時に始めたNO JAPAN運動ですけど、反日不買を叫ぶ官僚からして日本製の車から文房具まで日に入り際に穿つ程に日本製品に溢れてて、しかもすでに買ったものを捨てるのはコストの無駄で反日では無いとか言ってたもんな。
1704333308178600337,ていうか前回の反日不買の時もそうだったけど、ロゴをガムテとかで隠せばOKな薄い活動で、NO JAPAN活動を取材するカメラも日本製品だったもんね。
1704333308178600337,あほやん
1704333308178600337,リテラシーないからな草
1704333308178600337,昔、身の回りの日本製品を並べて、日本不買ムリー、となったのを経験してるはずだけど、3歩歩いて忘れちゃったのか、何年かに一度やる約束になっている様式美なのか、DNAに刻まれてる脊髄反射的なものか知らんけど、難儀やな。いや周りがね。。
1704333308178600337,オニヅカタイガー
1718687693444706763,たぬかな、調べたら、もう30歳やん！\n\nババアやん！\n\n30超えた女に人権はないよ！,1
1718687693444706763,人権なくてごめん
1718687693444706763,たぬかなの「チビ男に人権ない」って言う迷言への皮肉だよ！\n\n傷つけていたら、ごめんね??,1
1718687693444706763,たぬかなも数十人しか視聴者のいない過疎配信でサービスとして過激発言しただけなんよな\n言う程叩かれるような発言でもないぞ\n内輪話で持論を言ったら拡散してしまって地獄を見た可哀想な例だよ
1673225134352773121,#7月も仲良くしてくれる人リプ\nﾅｶﾖｸｼﾃｸﾚﾙﾖﾈ
1673225134352773121,じゃあ納得しとく
1673225134352773121,やればできるじゃないか,1
1673225134352773121,なんか腹立つけどありがとう,1
1673225134352773121,どういたしまして,2
1673225134352773121,皮肉だよ,2
1717938518339821939,セルフ出禁で
1717938518339821939,こいよーーw
1717938518339821939,ケツ穴洗ってこいよ
1717938518339821939,毎日けつ穴洗ってますよ。
1717938518339821939,ゲームしながらワイワイしたいけど1人でも不快だなって思ってる人が少なからず居ると思うからそれだったら俺が最初から入らなかった方が平和的にみんなでワイワイできるんじゃないかって結論
1717938518339821939,ヒィwwwwww
1717938518339821939,おっほ
1717938518339821939,でもそもそもそんなこと難しいから無理だよ\nそんなんオペもショーティーも使ったら終わりだよ\nヒップホップだよ
1717938518339821939,おっほwww
1717938518339821939,難しいだけで片付けれる問題ならこんなに俺が考える時間割く必要なかったけどね
1717938518339821939,バカやってたらいいよ\n考えたら無駄や 俺はあるかさんおもろいから大丈夫だから大丈夫だから大丈夫だから大丈夫だから大丈夫だから大丈夫だから大丈夫だから大丈夫だから大丈夫だから大丈夫だから大丈夫だから,1
1717938518339821939,ディスコもうるさくてXでもうるさいのある意味才能だよふつーに。,1
1717938518339821939,そうやろありがとうほめてくれて
1717938518339821939,皮肉だよ。
1717938518339821939,LINEみろ
1717938518339821939,皮肉いいよな焼いたら美味い
1717938518339821939,話になりません。
1717938518339821939,ぱやぱや?
1717938518339821939,京都の人間よう喋るなあ、会話デッキ内蔵のロボットみたいやなww
1717938518339821939,あなたそれ以上喋ったら舞鶴湾行きどすえw
1717937375525970136,あのプロスマブラーのドラ右さんとまさかのマッチング??\nめちゃくちゃ強くてとっても楽しかったです??\n対戦ありがとうございました！,1
1717937375525970136,あの元ムラゲのプロスマブラーのモツナベさんさすがです！??\nプロ契約の方どうされちゃったんですか？??,1
1717937375525970136,本当に何も知らない人たちがただ叩きたいからという理由だけで俺を叩いてることを証明してくれてありがとう??,1
1717937375525970136,オムアツに加担してたという皮肉だよ
1717937375525970136,君そういうリプはせめてサブ垢でやった方がいいよ
1717937375525970136,誰だてめー??
1717937375525970136,いつまで引きずるねん
1717937375525970136,もつなべ君がわかってなさそうだったから教えただけだよ
1717907643837321279,スニダンのナンジャモSAR 17万台突入
1717907643837321279,逐一、言わなくていいよ。,1
1717907643837321279,キミも変わったね?,1
1717907643837321279,キミは変わらないね?
1717907643837321279,良い意味でね。皮肉だよ。
1717907643837321279,笑笑。??
1717496935110894025,塾の先生から少し早いお誕生日プレゼント頂きました??ありがとうございます??,1
1717496935110894025,んねっ！誕プレがお菓子とか可愛すぎるんだがっ！
1717496935110894025,嬉しいねかりんちゃん????
1717496935110894025,優しい???ニャー\n愛されてます??\nおめでとう????????だね??
1717496935110894025,わぁ?優しいですね(*´?`*)?\n誕生日いつですか？
1717496935110894025,たしかに少し早いですね??\nでも良かったですね??
1717496935110894025,かりんちゃん少し早いけれど誕生日おめでとう????ございます。素敵な一年にしてください。
1717496935110894025,素敵なプレゼントだね?\n嬉しいね
1717496935110894025,ぇぇ!!よかったね！！！
1717496935110894025,かりんの誕生日楽しみすぎる????
1717496935110894025,指定校推薦獲得祝いかな？,1
1717496935110894025,少し早いけどお誕生日おめでとう。
1717496935110894025,??
1717496935110894025,よかったねー！！????
1717496935110894025,おめでとうございます??
1717496935110894025,皮肉ですか？素直に褒めてあげたらいいじゃないですか？
1717496935110894025,お誕生日おめでとうございます??慶應楽しんでください！
1718257921086341566,世論を動かすトドメに\nなってくれそうな\n再婚相手の夫のDVからの\n子どもを連れて避難\nそして不倫相手と同居
1718257921086341566,不倫からの不倫ですか。\nある種の病気なんでしょうね。
1718257921086341566,既婚者となっても不倫を繰り返す（続けてしまう）女性は、寂しさに対する耐性が弱いと同時に、自己解決する力が圧倒的に低い傾向\n本来は夫婦や家庭内で寂しさを覚えたら、夫と話し合ったり環境を自ら変えるなど働きかけたりすることで解消に向かわなくてはいけません。\n
1718257921086341566,仰る通りですね。\n本当にその通り！寂しさに対する耐性と自己解決能力の低さでしょうね。
1718257921086341566,寂しいがりなんですかね、、、
1718257921086341566,私は、この方に必要な事はカウンセリングだと思うんですよね。ご本人もやめられないのでしょう。このままだと今後も子どもを含めて周りを不幸にし続けます。
1718257921086341566,私も彼女に必要なのはカウンセリングだと思います。\nまた何度も同じ事になってしまうと。
1718257921086341566,同感。カウンセル受けた方がよい。依存症だとおもう。元妻も同じような感じ。抱かれていないと自己肯定感がないタイプ。そして、自分がやりたければ人に迷惑かけても良いと思うってか、それが、わからないか、想像つかない人。
1718257921086341566,広末＆上原ペア??
1718257921086341566,上から麻里子さんも、他にも色々いますね。
1718257921086341566,そもそも夫がDVをしたのかはっきりしてません。\n福原愛ともども不倫のために「子連れ別居」をする親は決してまれではないという事実を世間に知らしめたという意味では、＃共同親権 推進の世論作りに一役買った功労者？かもしれません。,1
1718257921086341566,上原さんの2番目の旦那さんは、閉じ、最初の夫が自殺したことに対する誹謗中傷が、上原さんに集中していた時に、最初の旦那さんのご遺族を嘲笑するようなツイートを繰り返して、顰蹙を買った人と言うイメージがあるので、何とも言えない部分がありますが、浮気をする女性は言い訳のできないものがある… 
1718257921086341566,絶対数としては男性のほうが多いでしょうが、不倫する人は男女関係なく繰り返すという意見には同意です。もしかしたら怒ってつい引っ叩いてしまった、というのが「DV」の真相かもしれないと想像しました。
1718257921086341566,不倫発覚して子ども連れて逃げる人多いですからね。支援措置はその人達のとっては都合が良いですね。
1718551174952149344,我々の希望を完全に打ち砕く騎手コメント。逆に天晴です。,1
1718551174952149344,反省のコメント出した弟の方が未だ救いが有りますね。\n戦力外通告の無い優しい競馬界。,1
1718551174952149344,自分が上手く乗ったが馬が衰えてたと言ってるんですね\n本当に救えないとですね
1718551174952149344,これで良かったという雰囲気が漂うのは流石に…G1を勝てないのが改めてよく分かりました。確かに弟の反省のある態度のほうが遥かにこの先を見込めますね。競馬界は本当に人に優しいんですね…
1718551174952149344,そう聞こえますね…救いようがない。希望がない。馬が気の毒…
1718551174952149344,他のプロスポーツ何て本当に厳しいですからね。\n戦力外通告もなく親が調教師で縁故で使って貰えて、食いっぱぐれも無い。\nそりゃぬるま湯に使って駄目になりますわ(勿論子息でも努力している騎手はいるが)。\n弟は兄を反面教師にして頑張って欲しい所です。
1718290886071886013,立花さん、よく人から言われた言葉を直ぐに使いますよね\n\n「共謀共同正犯」…ガーシー関連で何かあったのかな？\n\n「禁反言の原則」…裁判の最中、相手の弁護士に言われたのかな？\n\n「特別代理人」…得意げに党から任命されましたと話してましたね,1
1718290886071886013,禁反言…前言を翻してはならない\n\nこれ立花さんがいちばん苦手なやつじゃ？??,1
1718290886071886013,特別代理人の意味理解せずに喜んでたけど、裁判の仕組み全く分かってませんね。そもそも、思いこみの本人訴訟で勝てる程、日本の裁判は甘くない。
1718290886071886013,明らかに皮肉ですねｗ
1718290886071886013,直ぐ自分が言ったことを忘れるのも得意！
1718505607643492487,天皇賞・秋の予想を公開しました。展覧競馬に相応しい、最高の競馬を。\n天皇賞・秋の予想☆ - とあるオタクの競馬日記,1
1718505607643492487,はい誤字,1
1718505607643492487,ホンマや。さすがそういうとこだけ早いな,1
1718505607643492487,だけってなんやねん()
1718505607643492487,×展覧\n??天覧\n普段使わない言葉は予測変換を信じず目視確認をしましょうね
1718505607643492487,外見だけ見て早々に突っ込んできたので皮肉です
1718505607643492487,次会ったときしばく
1718505607643492487,ふっかけてきたのはそっちなのよwww
1718505607643492487,そっちが誤字らなければ何も指摘することなかったんだよなあ？？？
1718143482479681677,債務と債権ってことはその債権を私に売って頂くこともできますよね！？ちょうど適当な抵当のための被担保債権を探してたんです??\n\nまだ傷つけられた理解してもらえなかった苦しみによる損害賠償請求します！ならわかるのに。自分が我慢してるからあなたに貸しがあるみたいな言い方する～ ,1
1718143482479681677,当人にさえ話していないことをあなたに推測される言われはありませんし、「債権」「債務」がなにを指しているかについても「傷つけられた理解してもらえなかった苦しみ」は本文中にありませんので、文章読解としても失格です。きちんと読んでください。答えはちゃんとあります。
1718143482479681677,相手方にすらきちんと説明していなければそれは債務、債権の関係にはなりません。ただのいちゃもんです。債務が当人の中での人としての罪(笑)と言うのであればやはりあなたに債権を持つ権利はありません。
1718143482479681677,あなたの判定を求めていませんし、あなたには関係ない私とある人との関係の話です。\n\nこれまでは私のことだけに関してあなたが言ってきていたので、丁寧に応対していましたが、私と他の人との関係に全くの部外者のあなたが余計な口出しをするなら、私も手加減はしませんのでそのつもりで。
1718143482479681677,いえこれはおかしいと思ったけなどの感想などではなく単なる事実の指摘です。
1718143482479681677,あなたに関係ない私とある人との関係に、僭越にも口を出すなと言ってるんです。くだらない言葉遊びはやめて引っ込みなさい。\n\n私に対して接近してきた目的も、病気を気遣う体が今では完全に崩壊して、キャラがブレてしまっています。\n\nあなたは私に一体何を求めているんですか？
1718143482479681677,あなたこそ文章を読みなさい。わたしがいつある人との関係を正しなさいと言いましたか？単に今回出した債務と債権という表現はおかしいと指摘しただけです。それでも債権を持つというのなら相手に説明もしてない債権を元に脅迫するような反社会的人物ということですか？
1718143482479681677,口を出すなと言ってるんです。あなたに関係ない私とその人との関係だからです。当人に非難されるならまだしも無関係のあなたに口出しする権利はありません。僭越な態度を改め、以後私に忠告めいたことを言うのを禁じます。\n\n部分に反応して全体の主張も、自分のキャラ設定も見失った哀れな人よ。
1718143482479681677,そのような性格をお持ちであれば辞められることをお勧めいたします。そうではないのであれば休養をおすすめします。
1718143482479681677,口出しなどしていません。\n\n言葉尻をとらえて騒ぐのはあなたがいつもやっていることですよ。
1718143482479681677,口調の設定もブレてきましたね。\n\nあえてこれ以上指摘しません。\n\nあなたもかわいそうな人だ。もう怒って見せるもなくなりました。あなたの心に平安が訪れますように。
1718143482479681677,すぐ目線そらしの論点ずらしですね。そもそも口調の設定すらしてません。\n私は指摘しつづけます。あなたの意見が全面的に間違ってるとは誰も言ってませんよ。\n正しい部分はあるが表現が強すぎて正常に見えないことが多々あるので休めと言っているんです。ただそれだけです。
1718143482479681677,これで口調が変わっていないんですか。どうか心の平静さを取り戻すまでゆっくりおやすみください。\n\nTwitterは毒ですから、完全に断つのもいいかもしれません。 
1718143482479681677,口調変えませんとは言ってないですし変えたとして何だと言うんですか？
1718143482479681677,一貫して1人の人格を演じ切る自信がないなら、サブアカウントなど作って遊ぶものではありません。あなたがこのアカウントを作った当初意味あって名付けたであろう「慈愛に満ちたお姉さんを目指す」という名前が、きっと泣いていますよ。
1718143482479681677,いえ演じきろうとは思ってないので。\nそれで？あなたは勝手に債権を持っているから謝罪を迫るような反社会的な人物なんですか？\nそれとも単に躁状態なんでしょうか？
1718143482479681677,反社会的な人物か躁状態か。このように選択肢を勝手に絞りこみ、どちらの選択肢を選んでも不都合になるように詭弁を弄する不誠実な人間であることを自覚なさい。\n\nそして、「反社会的」という、どうも自身気に入っているらしい強い名付けによる、これまた詭弁術の一つを使う卑劣さも。
1718143482479681677,およそ、あなたには、議論なのか、対話なのか、忠告なのか、説得なのかわかりませんが、私という相手に対して持つべき敬意(1人の人間に対して当然抱くべき敬意)が欠けています。\n\nそれを自覚して、必要なものを全て備えてからまたいらっしゃい。そうすればお相手しましょう。
1718143482479681677,敬意…それを言うのはあまりにもブーメランですよ。\n
1718143482479681677,どこがどうこの言葉と先の言葉と矛盾するのか、具体的に指摘できますか？　あなたは毎回漠然としたな指摘に終始していて、全く説得力がありません。全く中身がないんです。
1718143482479681677,ここまで執着するからには次に私に語りかける時は、公開質問状の形式を取ることを求めます。そのためには以下の点を盛り込んでください。\n\n1.質問内容\n2.そのような疑問を抱くにいたった私の言動への言及と、それに対するあなたの解釈\n\nこの2点を盛り込み、論点を具体的かつ明確にしてください。
1718143482479681677,相手にしなければいいのになーと思う私が居るってだけ
1718143482479681677,本当に。放っておいて欲しいです。
1718143482479681677,アナタも色々ほっておいたら？
1718143482479681677,これは私の性格ですから。騒音に対しては、こちらが耳を塞ぐのではなく、向こうがやめるように言うのが私です。
1718143482479681677,そうですか
1718143482479681677,結局敬意をあなたが感じないからってことでしょ？だったら先にこういう表現が良くなかったと指摘すべきです。\nそしてあなたは自ら誰にも総括などする資格はないと言うことを言いましたがそういいながらなぜ自分にはその資格があるかのように言うのですか？
1718143482479681677,じゃあしますけど\n\nなぜ個人の、「人としての不誠実さ」を指摘するために債権と債務という表現を使ったのですか？まだその不誠実さによって気分を害したのでその賠償を求めるなら理屈としてわかります。もしくは所謂スティグマを負うでしょうと主張したいのならわかります。
1718143482479681677,私の見解としては\n\n損害賠償などと言ってしまうと薄々とわかっている、自分が感じたというあくまであなたの中の基準の曖昧さやさじ加減を指摘されてしまうと。そこに絶対性などあるわけもないですから。\nそこを回避するために何となく貸し借りの概念から引っ張ってきたのではありませんか？
1718143482479681677,お答えします。\n\n債権と債務という言葉に異常に反応されますが、これはその場の思いつきで出てきた皮肉で深い意味などありません。たんに、一方が一方的に我慢し、一方はそれに無自覚であるという歪な関係を、謝罪を要求できる権利(債権)、謝罪すべき義務(債務)に準えたに過ぎません。
1718143482479681677,この場合のスティグマとは何を指すのでしょうか？　指示内容を明確にしてください。どうして烙印(スティグマ)などという表現が出てくるのですか？
1718143482479681677,私が当事者として関わったことを、全くの部外者が勝手に総括しているから、僭越だと言っているまでですが、何どこがどうおかしいのでしょうか？\n\n私は部外者の何を総括していますか？　指示内容を明確にしてください。
1718143482479681677,で、あればやはりその例えは成立しない浅はかな知識による短慮のものです。\n一方的に(あなたが)我慢していたと仰いますがその証明はあるのでしょうか？単なる感想思い込みではないと言いきれるのですか？\n一方的に自分が我慢しているとは地下室に閉じ籠る大きなこどもそのものだいい名前だ。
1718143482479681677,その場での思い付きの皮肉とハッキリ仰いましたがその思い付きでしかない自分にしかわなからない表現を相手に説明することもなく自分で考えろしかもその内容が自分の一方的な我慢だ！というのはあまりにもこどもじみてあるのによく他人を名指しで批判できるなと感服しております,1
1718143482479681677,あなたは当事者として関わっていたわけないのに、どうしてわかるんですか？　それこそ、部外者のあなたには分かり得ないことです。だから部外者は引っ込めと何度も言ったんです。知らないことを憶測で語る僭越さを恥じなさい。\n\nなお、アカウント名に込めた意味は過去にツイートしています。
1718143482479681677,わからなければ、あなたは読書が嫌いでしょうが、ドストエフスキーの「地下室の手記』と中島敦の「弟子」をお読みなさい。\n\nそう言えば、異常に、執拗に、全く不自然なまでにネチネチと引用に反応した当初のキャラはどこに行ったんでしょうか？
1718143482479681677,これをウィットというのです。あなたにはそれがないから理解できないでしょうが。
1718143482479681677,口から出任せの思いつきであって全然ウイットでないですよ??
1718143482479681677,長考した結果がこれですか。たんなる口喧嘩になっているので、私はもう退席します。今後私に近づかないでください。
1718143482479681677,でも沈黙することは同意と見なすんでしょ！？だから沈黙しません！！\nちょっと忙しくてさー。
1718143482479681677,いや最初はね人としての不誠実さとか言ってから本人の中にその不誠実さが刻印として刻まれることを言いたいのかな？って思ったわけよ。\nまさか自分が気にいるように受容してくれないことを債権と表現すると思わなくて笑いすぎて涙で顔がウェットになっちゃったよ！
1718143482479681677,だってそれ読んだら地下室ちゃんみたいな思い付きのでたらめの皮肉(しかも無知ゆえの言葉の誤用)をウィットって言っちゃうような人間ができるんでしょ？それは困るなぁ。\n別に引用自体は問題じゃないんだってばー。自己の正当性を主張するためだけに使うのがおかしくない？って言ってるの！
1718213593538445315,あぁ…性犯罪をした男性に絡めて男性全体を批判するやつの逆転Verか、本当に理不尽ですねぇ。\n\nこれに対して痴漢でっち上げ女は数が～とか批判するなら万引き犯に変えてみては？女性の刑法犯で多いのが万引きですから、予備軍として扱われるのが嫌なら万引きを0にしてから～になります。,1
1718213593538445315,予備軍としての扱いって例えばなんですか？
1718213593538445315,元ネタだろう男性を犯罪者予備軍扱いするのを参考にすると\n・将来の為子供の頃から徹底した躾を推奨\n・人によっては産むなと言う方もいる\n・犯罪起こす事前提にして注意を促す\n・そういう(性別による)習性だと決めつける\n・犯罪を起こすからと仕事をキャンセルする\nこんな所でしょうか
1718213593538445315,「生むな」という人は躾ができないならって意味だと思うのですが、男性嫌悪がすごい飛躍した人、少数ですがたまにいますよね、それは私も反対です。\nですが、子供の頃から徹底した躾とか重要だしすべきだと思いませんか？人のものをとっちゃダメだよ！！とか言われてきませんでした？
1718213593538445315,あと、犯罪起こす前提の注意を促すことや、そういう習性だと決めつけてきたのって男性じゃないですか？男と夜2人きりになるなんて襲われても良いといってる！とか男は性衝動が女より強い！仕方ない！とか…。そういう男に近づいたのが悪い?とかの批判もレイプ被害者によくありますしね、
1718213593538445315,仕事をキャンセルっていうのは理由もなく、男性だから仕事をキャンセルされる事例があったのですか…？それは差別ですね、私の勉強不足ですすみません。
1718213593538445315,一般的な躾ならご家庭によって厳しくするところもあるでしょうが、例では「犯罪者予備軍」として罪を犯す前提で躾をする為、ともすれば児童虐待や人格形成に多大な問題が起こり結果的に罪を犯すケースがあります。
1718213593538445315,どうもご自身が例のような一部の反応を全体が行っているように感じているようですね。\nSNSやネットの意見では声の大きな意見が目立ちますが、多くの一般男性はそんな犯罪者の負け惜しみみたいな事思いません、逆に一般女性も元ネタの様な事は思いません。\n\n最初のポストはそんな風潮に対する皮肉です。
1718213593538445315,実際に性被害にあった時に言われた言葉です。中学生の時、男性教師からです。\n揉み消されましたし、高校でも盗撮の被害に遭った時もだめでした。
1718213593538445315,その男性教師は許されないですし揉み消されるなんてあってはならない事ですが。\n個人の体験を全体に当てはめていいなら私にとって女性は自身の欲の為に男性を食い物にして非難されれば差別だと逆にこちらを責め立て、ありもしない噂を流して社会的に抹殺するとんでもない生き物になりますね。
1718213593538445315,もちろんそんなのは私の周りの一部の女性のみであり、普通はそんな事ないと思っていますよ。
1718213593538445315,社会的に抹殺されたのですか？
1718213593538445315,何もしなければ村八分なんて可愛いレベルになってたでしょうね。\n知人等に相談して報復しましたが。
1718213593538445315,魅力的だから触る？そんなわけない。人間として見ていないからできるんです。全ての人がそうじゃないとしても私に加害してきた男性は自分の性別を言い訳にしてきました。どうしても許せないんです、統計的に見ても男性の犯罪が多い、性犯罪はほとんど男性であるということを考えれば
1718213593538445315,レイプ被害の捏造ですか？\n報復ができたの，羨ましいです。\n私も全ての男性が悪だとは思っていませんが、性被害への意識は全体的に軽いと思っています。
1718213593538445315,いいえ、私の人物像に対する悪評ですね。\nレイプ加害の否定はしていましたが、それは報復する時に明らかにしたやつですから関係ないですね。\n\nあ、身バレに繋がるので一切証明するつもりはありませんので、嘘だと思っても構いませんよ。
1718213593538445315,個人の境遇や許せない気持ちは想像できますし、そう感じるのは当然だと思います。\nしかしそれを全体に押し付けて他者にも過剰な対応をさせるのはどうか、というのが元引用リポストの趣旨です。\n\nぶっちゃけ個人ならどんな対応をしようが、法に反しない限り自由ですよ。
1718213593538445315,いえ、そのようなことをする女性がいるのは私も知っているので嘘だとは思いません。
1718213593538445315,女性が声を上げるだけでは被害者は減りませんでした。男性も声を上げて欲しいです、お互いに大切な人を守りましょう。\n\n元の引用も、一部の過激な方へ向けてなのでそもそもが分かりあうためではなく皮肉を言いたいだけなのかもしれませんね。\n話に付き合ってくださりありがとうございました。
1718213593538445315,そうですね、性犯罪への正しい認識と然るべき罰則や再犯防止策が普及してほしいです。\n\n一つだけ訂正を。\n男性は声を上げないんじゃなく、上げても聞き入れてもらえないんです。ようやく法改正や男女平等意識が進んで一方的な加害者から脱しつつあります。\n一部のクソのせいで誤解されやすいですが。
1717665645608014045,増設ALPSで高濃度の多核種が取れていない汚染廃液で作業員が被ばくし、入院した件。資料は中長期ロードマップ資料に埋もれています。,1
1717665645608014045,つまり「畳の下に隠してある」？
1717665645608014045,処理水放出の理屈で言えば、しばらく海に浸けておけば線量は下がるはず。
1717665645608014045,魚にもアノラックが必要だね,1
1717665645608014045,皮肉です。
1717665645608014045,大量のデータの中に大事な情報が紛れるように分かりにくいようにしているとしか思えない。まさのさん、針をみつけてわかりやすく書いてください！\nそしてこの大量のデータの中から御用マスコミの記者さんたちは「３回目の海洋放出にむけて準備始まる」みたいな記事を書くんだろう。もう書いているか？
1717665645608014045,問題が多過ぎて、書きたいことが全部書けないままに時間が過ぎる毎日ですが、焦らず書いていきますー。
1718144835083993498,予定入りすぎてゲーム出来ねぇよ！\n空気読めやカス！ゲームやれなくてイライラです(??ﾟДﾟ),1
1718144835083993498,可哀想(*´`)俺なんも予定ないからゲームやり放題や(´；ω；｀),1
1718144835083993498,これってもしかしてぇ！！？！？！？\n皮肉ですかァァァァァ！？！？！？？？！！
1718144835083993498,www
